omega,level,participant_id,week,n_weeks,x,y
omega2,Between people,P001,,8.0,-0.24333853051004323,0.19672867338339728
omega2,Between people,P002,,8.0,-1.0312917852269585,1.0463532831780649
omega2,Between people,P003,,2.0,0.2232279330612877,0.8091249152486955
omega2,Between people,P004,,8.0,-0.8436386510562109,0.30212394004525905
omega2,Between people,P005,,1.0,-0.6799194622459842,0.831385669770686
omega2,Between people,P006,,8.0,0.21727116738387012,-0.246079750340992
omega2,Between people,P007,,8.0,-0.8150655473858647,1.3458383569228285
omega2,Between people,P008,,5.0,0.0954459269562651,-0.048044572019963594
omega2,Between people,P009,,8.0,0.79817123301626,0.17271845652576318
omega2,Between people,P010,,8.0,0.2724108575198796,-0.31070229235652663
omega2,Between people,P011,,8.0,-1.555902145757675,-2.219797543489082
omega2,Between people,P012,,1.0,0.7680693523526165,-1.629335882908634
omega2,Between people,P013,,8.0,-0.5203121215723284,0.9285627021538237
omega2,Between people,P014,,8.0,-0.5929413239183157,1.1546053931665885
omega2,Between people,P015,,1.0,-2.8213142539772953,-3.290151019629674
omega2,Between people,P016,,4.0,-1.2429205062218627,1.1765838835996747
omega2,Between people,P017,,6.0,0.8919326340900776,0.44481667239053563
omega2,Between people,P018,,8.0,-0.23581905242920434,1.0444141871288004
omega2,Between people,P019,,2.0,0.6656841183285509,-0.7255672782064551
omega2,Between people,P020,,8.0,-1.0759000258652596,-2.0358109501433836
omega2,Between people,P021,,7.0,-0.5411764104041149,1.4260703408766406
omega2,Between people,P022,,4.0,0.12979584932858473,0.7815048865453885
omega2,Between people,P023,,8.0,0.6801910067792054,-0.158821600114749
omega2,Between people,P024,,8.0,0.7620984484272799,0.19247329471861907
omega2,Between people,P025,,8.0,0.853695706650873,0.015332855856354181
omega2,Between people,P026,,2.0,0.8143587930980625,-0.18320622774333636
omega2,Between people,P027,,8.0,0.7201674947720091,-0.32471989276138535
omega2,Between people,P028,,5.0,-0.48169167699173154,0.5444063722122556
omega2,Between people,P029,,8.0,-2.8862836459238395,-2.421030649584761
omega2,Between people,P030,,8.0,0.98724844637753,0.060862501177236586
omega2,Between people,P031,,1.0,0.9940100756693343,0.13684359061373141
omega2,Between people,P032,,7.0,0.8549609697441908,0.21988684709977455
omega2,Between people,P033,,5.0,0.5429981017350708,-0.2226734525672498
omega2,Between people,P034,,8.0,-0.9594964611649637,1.41486376797001
omega2,Between people,P035,,8.0,0.26227214363220935,0.1100859125582489
omega2,Between people,P036,,8.0,0.5674192898236354,0.046114600094206024
omega2,Between people,P037,,8.0,0.13686654670051687,-0.06214990316604049
omega2,Between people,P038,,8.0,0.5208725147024008,-0.7826847603924328
omega2,Between people,P039,,8.0,-0.33928983466115537,0.12497919471394019
omega2,Between people,P040,,8.0,0.3645727859725109,-0.2408031720885602
omega2,Between people,P041,,8.0,-0.21962087445174786,-0.053190085575026254
omega2,Between people,P042,,8.0,-0.6665552253078758,-0.5241303202747606
omega2,Between people,P043,,4.0,0.09084944296824463,-0.2900719768265446
omega2,Between people,P044,,3.0,-0.7986443283325121,-1.145198408549181
omega2,Between people,P045,,7.0,0.006850889670381555,-0.8785334174068521
omega2,Between people,P046,,8.0,0.36654942631226894,-0.3368959340916767
omega2,Between people,P047,,8.0,0.22316079466823147,-0.37645986485795885
omega2,Between people,P048,,8.0,-0.15685178824277157,-1.4205648110956495
omega2,Between people,P049,,2.0,0.7257905245140256,0.6407382653612063
omega2,Between people,P050,,6.0,0.9853999882843337,-0.22298360460735725
omega2,Between people,P051,,8.0,1.0358108690718644,0.4484016853326776
omega2,Between people,P052,,8.0,-1.0256981374129759,-0.2516111703371333
omega2,Between people,P053,,8.0,0.9296002807703295,-0.057442168632504176
omega2,Between people,P054,,8.0,0.7590526354261946,0.3114738790637657
omega2,Between people,P055,,3.0,-0.22770921730911522,-0.5033111285575441
omega2,Between people,P056,,8.0,0.14324794890133746,-0.014757580912059864
omega2,Between people,P057,,1.0,-2.6755950852943773,-3.880464380115928
omega2,Between people,P058,,8.0,0.5807937710254947,0.3834039139451758
omega2,Between people,P059,,8.0,0.7885389471861495,-0.5727219364708377
omega2,Between people,P060,,8.0,-1.395773047565642,-2.3274260652262875
omega2,Between people,P061,,1.0,0.5610188361571673,-0.8837626498957591
omega2,Between people,P062,,8.0,0.47210844268205915,-0.17941087759680305
omega2,Between people,P063,,8.0,-0.8685722199442606,1.5526025489778212
omega2,Between people,P064,,5.0,0.9967503340048731,-0.26767305760762505
omega2,Between people,P065,,8.0,0.12822934502107602,0.1773715293257609
omega2,Between people,P066,,8.0,-0.10722963189888267,0.5300848132198493
omega2,Between people,P067,,2.0,0.49510783560362503,-0.5589073077894845
omega2,Between people,P068,,8.0,-0.1347322214481702,0.4294007460293583
omega2,Between people,P069,,7.0,-2.8936691308755123,1.118356448348721
omega2,Between people,P070,,8.0,-0.11096119558319613,-1.759021885565152
omega2,Between people,P071,,8.0,-0.3193721043874014,0.4452009732611281
omega2,Between people,P072,,8.0,-0.10159347279867148,-0.4364875730072514
omega2,Between people,P073,,8.0,0.41490458339545294,-0.11446475946728266
omega2,Between people,P074,,8.0,-0.06502341308891806,-0.275858989575545
omega2,Between people,P075,,2.0,0.5366008378151447,-0.9056128072023436
omega2,Between people,P076,,8.0,0.7531935763720551,-0.23666716153408687
omega2,Between people,P077,,8.0,0.6886303346328645,0.08537131700835356
omega2,Between people,P078,,4.0,0.2990008417431065,0.3056530212378469
omega2,Between people,P079,,8.0,0.07202015341512708,-0.04503511115887661
omega2,Between people,P080,,8.0,-0.8310718286031522,0.6566002775666209
omega2,Between people,P081,,8.0,0.08353947824551479,-0.2114563431573928
omega2,Between people,P082,,8.0,0.49188885142493555,-0.19083425808450383
omega2,Between people,P083,,1.0,-0.995334898934698,-1.26969072968514
omega2,Between people,P084,,3.0,0.2988040264017386,-0.7928929256069646
omega2,Between people,P085,,8.0,-0.47311605465609813,-0.34402647244820694
omega2,Between people,P086,,8.0,0.6583440030994103,0.18718508070016304
omega2,Between people,P087,,8.0,0.39623177529241616,0.03679968298382682
omega2,Between people,P088,,8.0,0.17565812683354026,0.06543033077158006
omega2,Between people,P089,,8.0,0.42064000633646986,0.283145609354201
omega2,Between people,P090,,6.0,1.0536027391029552,0.4160804753914844
omega2,Between people,P091,,8.0,-0.8905515428130399,0.865613827208998
omega2,Between people,P092,,8.0,-0.44399315602908535,1.1303158252926224
omega2,Between people,P093,,8.0,-0.17606373380769064,0.16975634957752056
omega2,Between people,P094,,8.0,0.7662326398770176,-0.4130383886999375
omega2,Between people,P095,,8.0,0.07710967775736631,0.5623885249410295
omega2,Between people,P096,,4.0,-0.8431081322040596,0.13736401231783557
omega2,Between people,P097,,8.0,0.8708429450812278,-0.41577876452732176
omega2,Between people,P098,,8.0,-0.6228769348327875,-0.023856341295157485
omega2,Between people,P099,,8.0,0.5943253565017559,0.24897359107300027
omega2,Between people,P100,,8.0,1.1865897285926224,0.3032453635915925
omega2,Between people,P101,,8.0,0.9339313634858898,0.2650354540354783
omega2,Between people,P102,,2.0,0.3146658292331335,-0.10454837731643135
omega2,Between people,P103,,8.0,-0.5054866621905421,-0.006517397879705233
omega2,Between people,P104,,8.0,-1.6742434578690017,0.8771557900496061
omega2,Between people,P105,,8.0,-1.3701424309579475,-2.3031075966550643
omega2,Between people,P106,,8.0,0.6564008030239188,0.16449166094189402
omega2,Between people,P107,,8.0,-0.14431754020174825,1.1176595130681464
omega2,Between people,P108,,8.0,-0.49353638921595044,1.0017253572332026
omega2,Between people,P109,,8.0,-0.3745649136749064,0.4379387100067781
omega2,Between people,P110,,8.0,0.7031239558075075,-0.034151915921197956
omega2,Between people,P111,,8.0,0.5333590915546454,-0.05074446376562336
omega2,Between people,P112,,3.0,-0.847330093785987,0.6500938566058361
omega2,Between people,P113,,2.0,-0.0711428501142959,0.12262670521457991
omega2,Between people,P114,,1.0,1.0632873458677845,0.3041979634430492
omega2,Between people,P115,,8.0,0.7925098506281143,0.19012374354635206
omega2,Between people,P116,,3.0,0.6552514676169506,-0.13916275397724917
omega2,Between people,P117,,8.0,-0.9487109721689988,-1.4103053502519378
omega2,Between people,P118,,8.0,0.461257029596722,-0.20771744292744102
omega2,Between people,P119,,8.0,-0.18517924440054384,-1.6956671833501302
omega2,Between people,P120,,8.0,-0.5134088896552435,0.4923979440424313
omega2,Between people,P121,,8.0,0.6000516421784655,0.039027960537236256
omega2,Between people,P122,,1.0,1.0284454654617594,0.21133481875734267
omega2,Between people,P123,,8.0,-0.5015766128954297,0.728144912597553
omega2,Between people,P124,,8.0,0.7465121752323713,-0.9757781106675683
omega2,Between people,P125,,8.0,0.43254468786026523,0.396054072990217
omega2,Between people,P126,,8.0,-1.7404167507348682,1.284116731906714
omega2,Between people,P127,,8.0,0.7077140142253554,0.19304439386691208
omega2,Between people,P128,,8.0,0.3839743660274759,-0.1648755516169768
omega2,Between people,P129,,8.0,-0.4679480270747929,0.8829494077309952
omega2,Between people,P130,,8.0,-0.9917405794636982,-0.32573308527625955
omega2,Between people,P131,,8.0,0.33196558564807677,0.10321749459865327
omega2,Between people,P132,,2.0,-0.7855247295644932,-0.49001719649917325
omega2,Between people,P133,,8.0,-0.3103798419615703,0.09025260774783363
omega2,Between people,P134,,8.0,0.6698103999825481,-0.08751356660776945
omega2,Between people,P135,,8.0,-0.18412732797461986,0.42794095360154727
omega2,Between people,P136,,4.0,0.7940750181776352,-0.5477548334020065
omega2,Between people,P137,,5.0,-0.6315025438092684,0.4422316077392467
omega2,Between people,P138,,8.0,-0.11477434371597546,0.7109918341540421
omega2,Between people,P139,,8.0,-0.476611906657199,1.0760693763362605
omega2,Between people,P140,,8.0,0.18645117550206186,-0.3702048629142732
omega2,Between people,P141,,8.0,0.5736917626523127,0.06325650610752964
omega2,Between people,P142,,8.0,0.6260981028397969,-0.4606292914900256
omega2,Between people,P143,,8.0,0.17093658854020768,0.3633455866461546
omega2,Between people,P144,,8.0,0.31594641705567234,-0.8708125111890257
omega2,Between people,P145,,8.0,0.44131306996635583,-0.2396690693325025
omega2,Between people,P146,,6.0,0.42709060570203494,-0.12887826826884544
omega2,Between people,P147,,1.0,-2.719808509748792,-2.825479289024734
omega2,Between people,P148,,8.0,-0.9007720167854256,0.49480800034081307
omega2,Between people,P149,,8.0,0.6474030573200511,-0.09498291999362202
omega2,Between people,P150,,8.0,0.563976911172059,-0.2303919327534803
omega2,Within person,P001,1.0,,0.15550142874976866,-1.1680162584493894
omega2,Within person,P001,2.0,,1.16416961169777,0.025478128699323643
omega2,Within person,P001,3.0,,0.6163008018821738,-0.7189362715165769
omega2,Within person,P001,4.0,,-0.18900810901242993,0.6191302845075375
omega2,Within person,P001,5.0,,-0.4177290423634145,0.5942459526870207
omega2,Within person,P001,6.0,,-0.24669224076511892,0.31721492233764736
omega2,Within person,P001,7.0,,-0.3512420150934799,0.39708568158532576
omega2,Within person,P001,8.0,,-0.7313004350952692,-0.06620243985088875
omega2,Within person,P002,1.0,,0.6213859843207912,-0.5169204096463198
omega2,Within person,P002,2.0,,0.7180610592312534,0.18075957348238014
omega2,Within person,P002,3.0,,-1.0484438813025205,-0.23873224471014154
omega2,Within person,P002,4.0,,0.1521423362644434,-0.6343141847338748
omega2,Within person,P002,5.0,,0.19122986452288715,-0.06936178791110437
omega2,Within person,P002,6.0,,-0.0030861780980195874,0.5661595177582939
omega2,Within person,P002,7.0,,-0.3893200137727437,0.17399000050865654
omega2,Within person,P002,8.0,,-0.24196917116609074,0.5384195352521104
omega2,Within person,P003,1.0,,0.6717492305583164,-0.12815241298206403
omega2,Within person,P003,2.0,,-0.6717492305583164,0.12815241298206392
omega2,Within person,P004,1.0,,-0.3529294323686182,0.30008950655849603
omega2,Within person,P004,2.0,,0.23138769866738318,0.42658396699459683
omega2,Within person,P004,3.0,,-0.3659301224352959,-0.7675093307730567
omega2,Within person,P004,4.0,,-0.2338752307957278,0.04920060542365823
omega2,Within person,P004,5.0,,0.03339301174179099,0.6468799987699083
omega2,Within person,P004,6.0,,-0.20912842049780134,-0.0884865228183499
omega2,Within person,P004,7.0,,0.6184524866787268,-0.24091444553553393
omega2,Within person,P004,8.0,,0.27863000900954227,-0.32584377861971897
omega2,Within person,P005,1.0,,0.0,0.0
omega2,Within person,P006,1.0,,0.6341732129228969,0.24870371524777118
omega2,Within person,P006,2.0,,0.5096180163071936,-0.815668882031721
omega2,Within person,P006,3.0,,0.17942298459759334,-0.7629577151087812
omega2,Within person,P006,4.0,,-0.4007322640166533,0.5399579084093853
omega2,Within person,P006,5.0,,0.3819511705758827,0.12578577963037804
omega2,Within person,P006,6.0,,-1.040131174751328,-0.03646011876112232
omega2,Within person,P006,7.0,,-0.05983998960802203,0.1708591773072636
omega2,Within person,P006,8.0,,-0.204461956027563,0.5297801353068265
omega2,Within person,P007,1.0,,-0.769381723741355,-0.6015979269016826
omega2,Within person,P007,2.0,,-0.21166551412487566,-0.5431798790574882
omega2,Within person,P007,3.0,,0.2577974775909163,-0.3756567940552651
omega2,Within person,P007,4.0,,0.03566223281810055,0.36808552949690854
omega2,Within person,P007,5.0,,0.19218681272557225,0.1445788713205456
omega2,Within person,P007,6.0,,0.0928718002305774,0.33324010876059895
omega2,Within person,P007,7.0,,0.23969754373733354,0.20805699954322532
omega2,Within person,P007,8.0,,0.16283137076373055,0.4664730908931576
omega2,Within person,P008,1.0,,-0.4759845587068632,-0.6402447141395976
omega2,Within person,P008,3.0,,-0.21495767411172745,-0.2561201298967546
omega2,Within person,P008,4.0,,0.7453043392962407,-0.19486217425543245
omega2,Within person,P008,5.0,,-0.29638010592120656,0.48381920150413593
omega2,Within person,P008,6.0,,0.24201799944355645,0.6074078167876488
omega2,Within person,P009,1.0,,-0.2644475355485264,-1.0008900437746189
omega2,Within person,P009,2.0,,-0.0724281238116703,0.4643883779365155
omega2,Within person,P009,3.0,,0.001609266980302615,0.3022240699106465
omega2,Within person,P009,4.0,,0.21970442246542166,-0.05775854894482646
omega2,Within person,P009,5.0,,0.052553205422295024,-0.22908863616175548
omega2,Within person,P009,6.0,,0.09459703718307078,-0.14081302102410714
omega2,Within person,P009,7.0,,-0.040413195041710925,0.32912059638456376
omega2,Within person,P009,8.0,,0.008824922350817,0.33281720567358214
omega2,Within person,P010,1.0,,0.8323520961972384,0.28376616659046905
omega2,Within person,P010,2.0,,0.4796223297501502,-2.005531562454225
omega2,Within person,P010,3.0,,-2.699732857005279,-0.7169570262748197
omega2,Within person,P010,4.0,,0.22474167240279136,0.09412224302728708
omega2,Within person,P010,5.0,,0.3049947124202924,0.22232587203167237
omega2,Within person,P010,6.0,,1.0023876069251907,0.8101285633125883
omega2,Within person,P010,7.0,,0.428854215627515,0.6366620964058776
omega2,Within person,P010,8.0,,-0.5732197763178986,0.6754836473611503
omega2,Within person,P011,1.0,,0.46781436821482925,-0.0035015888126674888
omega2,Within person,P011,2.0,,-0.6699017218342513,-0.8470387518616538
omega2,Within person,P011,3.0,,-0.710741781816933,-0.7656287348276738
omega2,Within person,P011,4.0,,1.2509333088219536,0.6529100738850291
omega2,Within person,P011,5.0,,-0.5591942229274132,1.032128892073317
omega2,Within person,P011,6.0,,1.7428199228312287,0.3189920759995153
omega2,Within person,P011,7.0,,-0.803750204585818,0.19199313712740196
omega2,Within person,P011,8.0,,-0.7179796687035962,-0.5798551035832697
omega2,Within person,P012,1.0,,0.0,0.0
omega2,Within person,P013,1.0,,0.18950445611347155,-1.5441202013540454
omega2,Within person,P013,2.0,,0.16065623492318493,0.10953075701490234
omega2,Within person,P013,3.0,,0.5069152551720794,-0.23555946795785987
omega2,Within person,P013,4.0,,-0.4416134409573358,-0.10561424272103359
omega2,Within person,P013,5.0,,-0.5963860274379865,0.3118941861625556
omega2,Within person,P013,6.0,,0.1785833819928352,0.677354513608544
omega2,Within person,P013,7.0,,0.08381549733840082,0.7068300073757802
omega2,Within person,P013,8.0,,-0.08147535714464949,0.0796844478711568
omega2,Within person,P014,1.0,,0.4460070972996769,-0.0016103890031535784
omega2,Within person,P014,2.0,,0.018829389648017614,-0.5335351903972166
omega2,Within person,P014,3.0,,0.08182662640488514,-0.012276898643567735
omega2,Within person,P014,4.0,,0.34372758898405154,-0.7972543818593285
omega2,Within person,P014,5.0,,-0.18740855238675547,0.2523832475008656
omega2,Within person,P014,6.0,,-0.39089857220189494,0.6491104207465024
omega2,Within person,P014,7.0,,0.038100759820724694,0.2688093743317539
omega2,Within person,P014,8.0,,-0.3501843375687058,0.1743738173241447
omega2,Within person,P015,1.0,,0.0,0.0
omega2,Within person,P016,1.0,,-0.021710533686950972,0.33394082102766665
omega2,Within person,P016,2.0,,-1.2692775376531602,0.3802523380707352
omega2,Within person,P016,3.0,,0.5652842441722021,-1.2593586149878189
omega2,Within person,P016,4.0,,0.7257038271679089,0.5451654558894166
omega2,Within person,P017,1.0,,0.0274995842991701,-0.7424427911544578
omega2,Within person,P017,2.0,,-0.1027148149762791,0.1918169062355058
omega2,Within person,P017,3.0,,0.056058826706545384,0.05997278776832421
omega2,Within person,P017,4.0,,0.17589227230113236,0.055842672241204705
omega2,Within person,P017,5.0,,-0.1027148149762791,0.1918169062355058
omega2,Within person,P017,6.0,,-0.05402105335428964,0.24299351867391733
omega2,Within person,P018,1.0,,1.0494381132882573,-0.5844042628535508
omega2,Within person,P018,2.0,,1.1892624371095408,-0.8460820663159867
omega2,Within person,P018,3.0,,0.47954447848621656,-0.10321542305593845
omega2,Within person,P018,4.0,,-1.9521307962711996,0.8604095011311104
omega2,Within person,P018,5.0,,-0.8564333608765324,0.255403615001206
omega2,Within person,P018,6.0,,-0.2703118059109477,0.6910680375948961
omega2,Within person,P018,7.0,,0.5537378050125467,0.029929557868293877
omega2,Within person,P018,8.0,,-0.1931068708378819,-0.3031089593700297
omega2,Within person,P019,1.0,,0.13675522318792144,0.05230717091700232
omega2,Within person,P019,2.0,,-0.13675522318792133,-0.05230717091700221
omega2,Within person,P020,1.0,,-0.9936632931138898,0.5270089304518522
omega2,Within person,P020,2.0,,-1.0652574488905042,-1.0097871025558907
omega2,Within person,P020,3.0,,-0.6003358810687298,-0.3632780295560738
omega2,Within person,P020,4.0,,-0.045030054443726986,0.5096504720753616
omega2,Within person,P020,5.0,,0.7220241888101133,-0.10534451121187871
omega2,Within person,P020,6.0,,0.7801658675161934,-0.9958153905916447
omega2,Within person,P020,7.0,,0.3105926961823551,-0.14118247326221622
omega2,Within person,P020,8.0,,0.8915039250081895,1.578748104650491
omega2,Within person,P021,1.0,,-1.6051556572389503,0.33545883255571796
omega2,Within person,P021,2.0,,-0.9487846477149057,0.18999978815742913
omega2,Within person,P021,3.0,,0.4493459241798586,-0.5287011833520557
omega2,Within person,P021,4.0,,1.0185837413755545,-0.5462835117298727
omega2,Within person,P021,5.0,,0.6627432703409349,-0.06488083671207012
omega2,Within person,P021,6.0,,0.211652886868134,0.3622514890745667
omega2,Within person,P021,7.0,,0.21161448218937395,0.25215542200628605
omega2,Within person,P022,1.0,,-0.32555331147185085,0.007238350857463383
omega2,Within person,P022,2.0,,-0.6007194403377459,0.35391154423886995
omega2,Within person,P022,3.0,,0.33484699631558396,-0.18696890086747198
omega2,Within person,P022,4.0,,0.5914257554940128,-0.17418099422886113
omega2,Within person,P023,1.0,,-0.41303144294610894,-0.8371980375162775
omega2,Within person,P023,2.0,,0.13065966067692258,0.2794219253893918
omega2,Within person,P023,3.0,,0.39901026886422897,0.3710258071420564
omega2,Within person,P023,4.0,,-0.037179860723184244,0.6959664519232938
omega2,Within person,P023,5.0,,0.19914710981095174,0.4205511657142699
omega2,Within person,P023,6.0,,-0.43525880735089323,-0.7097062793579787
omega2,Within person,P023,7.0,,0.06299354891804176,-0.42568804173991437
omega2,Within person,P023,8.0,,0.09365952275004097,0.20562700844515877
omega2,Within person,P024,1.0,,-0.5242937882586083,-0.9925628739265041
omega2,Within person,P024,2.0,,0.5001420329474522,0.18786510349243346
omega2,Within person,P024,3.0,,0.19840636690600388,0.3142145410255889
omega2,Within person,P024,4.0,,0.0806503673504787,-0.07707403989654957
omega2,Within person,P024,5.0,,-0.11783127311457209,0.3086106201587513
omega2,Within person,P024,6.0,,0.05073081142812519,0.03500110843625731
omega2,Within person,P024,7.0,,-0.29393005143403256,0.1411089496876634
omega2,Within person,P024,8.0,,0.1061255341751528,0.08283659102235946
omega2,Within person,P025,1.0,,0.48070115373310074,-0.2093507976618541
omega2,Within person,P025,2.0,,0.3267916636348276,0.10205286504028097
omega2,Within person,P025,3.0,,0.10225041914950206,-0.1739528199727952
omega2,Within person,P025,4.0,,-0.25399598748398977,-0.14763784228003504
omega2,Within person,P025,5.0,,-0.26537737610886825,0.10166508220499432
omega2,Within person,P025,6.0,,-0.1830007795289994,0.12761958180122002
omega2,Within person,P025,7.0,,-0.31705828885147325,0.16802377803817972
omega2,Within person,P025,8.0,,0.10968919545590072,0.03158015283000927
omega2,Within person,P026,1.0,,0.41883827743386237,0.1933320404636253
omega2,Within person,P026,2.0,,-0.4188382774338623,-0.19333204046362532
omega2,Within person,P027,1.0,,-0.7095360525461936,0.724025966270547
omega2,Within person,P027,2.0,,-0.23999425124660978,-2.0116564880806385
omega2,Within person,P027,3.0,,0.2532954023813191,0.20286444319718905
omega2,Within person,P027,4.0,,0.48350736190267063,0.1659548718656797
omega2,Within person,P027,5.0,,0.1922970135537071,0.13977504575806174
omega2,Within person,P027,6.0,,0.397875832133868,0.02424638120865147
omega2,Within person,P027,7.0,,0.02943882456608138,0.3359941888246074
omega2,Within person,P027,8.0,,-0.4068841307448423,0.4187955909559019
omega2,Within person,P028,1.0,,-1.7310118712104972,0.17667331901777827
omega2,Within person,P028,2.0,,0.8780931055126002,-0.3213959664416056
omega2,Within person,P028,3.0,,0.24103329264733056,0.13711397802784897
omega2,Within person,P028,4.0,,0.341154072013927,0.024056699402499993
omega2,Within person,P028,5.0,,0.2707314010366393,-0.01644803000652173
omega2,Within person,P029,1.0,,0.030878525038982474,0.20421499208343663
omega2,Within person,P029,2.0,,0.021317010482594156,-1.4972998087861833
omega2,Within person,P029,3.0,,-0.0039773820269100035,-0.015823405132462387
omega2,Within person,P029,4.0,,0.008222817151545048,-0.6234841743070998
omega2,Within person,P029,5.0,,0.039984585649328164,1.2221980245573438
omega2,Within person,P029,6.0,,-0.0321449403431151,0.049663058721025166
omega2,Within person,P029,7.0,,-0.021938589782034335,-0.05922040490875924
omega2,Within person,P029,8.0,,-0.0423420261703904,0.7197517177726995
omega2,Within person,P030,1.0,,0.24890095645947863,0.2157567315795666
omega2,Within person,P030,2.0,,0.034323019579727054,0.07335766534879391
omega2,Within person,P030,3.0,,-0.4403491080032659,0.5781704152754754
omega2,Within person,P030,4.0,,0.26113061906285906,-0.004240968317940463
omega2,Within person,P030,5.0,,-0.1743942735492775,0.07711875804096176
omega2,Within person,P030,6.0,,0.14585673313722247,-0.6951467175340654
omega2,Within person,P030,7.0,,-0.13314614567469396,0.3168954252352243
omega2,Within person,P030,8.0,,0.05767819898795068,-0.561911309628016
omega2,Within person,P031,1.0,,0.0,0.0
omega2,Within person,P032,1.0,,-0.016909435859310373,-0.12497290346277126
omega2,Within person,P032,2.0,,-0.2757582253363886,0.0393782688765312
omega2,Within person,P032,4.0,,0.11849690134955904,0.04053497392117858
omega2,Within person,P032,5.0,,-0.03162805866733509,-0.08297576733244236
omega2,Within person,P032,6.0,,0.019806912338021343,-0.039110099528089554
omega2,Within person,P032,7.0,,0.09299595308772679,0.08357276376279668
omega2,Within person,P032,8.0,,0.09299595308772679,0.08357276376279668
omega2,Within person,P033,1.0,,-0.3825818934295184,-1.4036780317554431
omega2,Within person,P033,2.0,,-0.5018230003914202,1.1790961280693772
omega2,Within person,P033,3.0,,-0.16319339732109778,-0.0828638869933111
omega2,Within person,P033,4.0,,0.26209891861232515,0.39350916507747224
omega2,Within person,P033,5.0,,0.7854993725297114,-0.0860633743980953
omega2,Within person,P034,1.0,,0.010838074342820914,0.08304150996625714
omega2,Within person,P034,2.0,,-1.0368112930326068,0.08433164885026256
omega2,Within person,P034,3.0,,-0.3314452458496251,0.3530732055901955
omega2,Within person,P034,4.0,,-0.5134493257088049,0.16990905046016525
omega2,Within person,P034,5.0,,0.05489318920470454,-0.020378141451515397
omega2,Within person,P034,6.0,,1.2344953113000179,-1.0196412573136004
omega2,Within person,P034,7.0,,0.09368330061746577,-0.04043720069849166
omega2,Within person,P034,8.0,,0.4877959891260282,0.3901011845967264
omega2,Within person,P035,1.0,,0.5229644135757419,0.18409466864224627
omega2,Within person,P035,2.0,,0.288029167548251,-0.21550302751359063
omega2,Within person,P035,3.0,,-0.008827848820605999,0.15752806825267246
omega2,Within person,P035,4.0,,0.44489719123815524,-0.10055886061756457
omega2,Within person,P035,5.0,,0.04669620322431817,0.043000061993582694
omega2,Within person,P035,6.0,,-0.045954823494300995,-0.041690849106793285
omega2,Within person,P035,7.0,,-0.1466246729131619,-0.04843352697048617
omega2,Within person,P035,8.0,,-1.1011796303583974,0.02156346531993325
omega2,Within person,P036,1.0,,0.03600686760446503,-0.13665292750418384
omega2,Within person,P036,2.0,,-0.1425540906231435,-0.5737835941047168
omega2,Within person,P036,3.0,,-0.09064296796888738,-0.192148720875724
omega2,Within person,P036,4.0,,0.2333719739075979,0.07590035220141683
omega2,Within person,P036,5.0,,0.36379502862964797,0.2893842706461039
omega2,Within person,P036,6.0,,-0.19304399692640062,0.5048878015606765
omega2,Within person,P036,7.0,,-0.3440215749150829,-0.23577800430841245
omega2,Within person,P036,8.0,,0.13708876029180384,0.2681908223848399
omega2,Within person,P037,1.0,,0.18937737581633238,-1.479398258884854
omega2,Within person,P037,2.0,,-0.6195506356643273,0.2098967029826173
omega2,Within person,P037,3.0,,0.29331997322668724,0.07750046614081203
omega2,Within person,P037,4.0,,0.653260277875366,0.08233775062816945
omega2,Within person,P037,5.0,,0.18698412305352644,0.01822359095562233
omega2,Within person,P037,6.0,,-0.5310234611564715,0.5381807759623806
omega2,Within person,P037,7.0,,-0.07998159717150377,-0.10144486503697478
omega2,Within person,P037,8.0,,-0.09238605597960944,0.654703837252227
omega2,Within person,P038,1.0,,-1.0219578703955987,0.3324507955878527
omega2,Within person,P038,2.0,,0.1261404087436332,0.6560306452400143
omega2,Within person,P038,3.0,,0.5848690077158313,0.6923132981497447
omega2,Within person,P038,4.0,,-0.15423757923943887,-0.4211898960400319
omega2,Within person,P038,5.0,,-0.09007946648886084,-0.22445790868610083
omega2,Within person,P038,6.0,,0.40864400366727793,0.7745094012552917
omega2,Within person,P038,7.0,,0.20918167976126034,-1.7169745519127981
omega2,Within person,P038,8.0,,-0.0625601837641041,-0.09268178359397228
omega2,Within person,P039,1.0,,-0.1842674362937936,-1.2689317404392209
omega2,Within person,P039,2.0,,-0.32256881223918954,0.4430070979925836
omega2,Within person,P039,3.0,,0.27622944461728305,0.49033796954001857
omega2,Within person,P039,4.0,,0.1855972513733238,-0.06791600467687028
omega2,Within person,P039,5.0,,-0.011550176314549188,-0.07658917645172349
omega2,Within person,P039,6.0,,0.3500967284102907,-0.2547824603981494
omega2,Within person,P039,7.0,,-0.07727604267819,0.45548879310639206
omega2,Within person,P039,8.0,,-0.2162609568751751,0.27938552132696964
omega2,Within person,P040,1.0,,-1.522996283578353,-1.4162708029009135
omega2,Within person,P040,2.0,,-2.8750315399054083,0.253113163749851
omega2,Within person,P040,3.0,,0.6938503832347553,0.1894250132853781
omega2,Within person,P040,4.0,,1.0212456222518818,0.21769735665053155
omega2,Within person,P040,5.0,,0.9505291378453162,0.16557999221363778
omega2,Within person,P040,6.0,,0.7675367489437177,0.7106141866294484
omega2,Within person,P040,7.0,,0.39069964779759475,-0.458809584246215
omega2,Within person,P040,8.0,,0.574166283410495,0.33865067461828163
omega2,Within person,P041,1.0,,0.525080185826685,-0.992018217785684
omega2,Within person,P041,2.0,,-0.3100673683687458,0.2480729505202777
omega2,Within person,P041,3.0,,0.0812470470509205,0.4027339130660886
omega2,Within person,P041,4.0,,0.14440977850062442,-0.029267100092596886
omega2,Within person,P041,5.0,,0.6511496632283428,-0.20179893399367238
omega2,Within person,P041,6.0,,0.07016697709213265,0.25731236638862715
omega2,Within person,P041,7.0,,-1.010377080087189,-0.01911684441887574
omega2,Within person,P041,8.0,,-0.15160920324277075,0.33408186631583553
omega2,Within person,P042,1.0,,0.26629630005610355,-0.2836556300513968
omega2,Within person,P042,2.0,,-0.035134706364633894,1.0023938326641866
omega2,Within person,P042,3.0,,-0.21068488689586762,0.18832048519114425
omega2,Within person,P042,4.0,,0.1601238415380447,0.36562765487042975
omega2,Within person,P042,5.0,,0.9740328686381403,-0.45222149431475067
omega2,Within person,P042,6.0,,-1.4438019887993887,1.4743278858165256
omega2,Within person,P042,7.0,,-0.5906307701387473,-3.7139732699348813
omega2,Within person,P042,8.0,,0.8797993419663486,1.4191805357587421
omega2,Within person,P043,1.0,,-0.4424724660475645,-0.9199523286077064
omega2,Within person,P043,2.0,,0.4471483610664363,0.4335010751190299
omega2,Within person,P043,3.0,,-0.078168384846999,0.10705774064126086
omega2,Within person,P043,4.0,,0.07349248982812726,0.3793935128474156
omega2,Within person,P044,1.0,,-0.7543321942635198,0.5075334420161834
omega2,Within person,P044,2.0,,1.3541890166126072,0.6891982734525701
omega2,Within person,P044,3.0,,-0.5998568223490873,-1.196731715468754
omega2,Within person,P045,1.0,,-2.6739931675252375,-3.15413750765836
omega2,Within person,P045,2.0,,0.44535705828565436,-0.8967575298512446
omega2,Within person,P045,3.0,,-0.018679679813463756,-0.8020296918011184
omega2,Within person,P045,4.0,,0.9729998358181493,1.2866379900350442
omega2,Within person,P045,5.0,,0.5507990447012476,1.214492813783468
omega2,Within person,P045,6.0,,0.29819633915039656,1.3502084264570902
omega2,Within person,P045,7.0,,0.42532056938325374,1.0015854990351207
omega2,Within person,P046,1.0,,0.02716305448315348,0.3008493501640249
omega2,Within person,P046,2.0,,-0.02478156213973104,0.43914451610244765
omega2,Within person,P046,3.0,,-0.5604230715080033,-1.4929785703703466
omega2,Within person,P046,4.0,,-0.03491725698550213,-0.05461160602679349
omega2,Within person,P046,5.0,,0.2871448981689656,0.1434781960347096
omega2,Within person,P046,6.0,,0.10789651742253686,0.33443888217121714
omega2,Within person,P046,7.0,,-0.0366169611708399,-0.05038792085523158
omega2,Within person,P046,8.0,,0.2345343817294202,0.3800671527799725
omega2,Within person,P047,1.0,,-0.41820692937368853,-0.2911990212778402
omega2,Within person,P047,2.0,,-0.3228275029113232,-0.5322303685697687
omega2,Within person,P047,3.0,,0.5628568722133337,0.39731438487282444
omega2,Within person,P047,4.0,,0.5758045984950255,-0.06271286466120157
omega2,Within person,P047,5.0,,-0.12269214089681041,0.7687669112435547
omega2,Within person,P047,6.0,,-0.02519327534579832,-0.818339066116222
omega2,Within person,P047,7.0,,0.020235429083663103,0.6143665687069612
omega2,Within person,P047,8.0,,-0.269977051264402,-0.07596654419830778
omega2,Within person,P048,1.0,,-2.2121498386907428,-1.2679389947861965
omega2,Within person,P048,2.0,,-1.0140635930212367,-0.0056899714079527985
omega2,Within person,P048,3.0,,0.6753943651174111,0.5801350419352301
omega2,Within person,P048,4.0,,0.45548657917469615,1.215373415884212
omega2,Within person,P048,5.0,,0.35733724722861815,-0.22201188281051332
omega2,Within person,P048,6.0,,0.27379695444465857,0.05744030489711016
omega2,Within person,P048,7.0,,0.7106700848221095,-0.5030929901963543
omega2,Within person,P048,8.0,,0.7535282009244859,0.14578507648446548
omega2,Within person,P049,1.0,,-0.12122642807889128,0.3199148715056135
omega2,Within person,P049,2.0,,0.12122642807889128,-0.31991487150561354
omega2,Within person,P050,1.0,,0.10235862312965549,-0.5837093657589015
omega2,Within person,P050,2.0,,-0.11063095270765655,-0.2788345458961914
omega2,Within person,P050,3.0,,-0.32470635133468895,0.27732236315078773
omega2,Within person,P050,4.0,,0.13208264502288014,0.11841997192942923
omega2,Within person,P050,5.0,,0.11104226236479986,-0.0012949772320229036
omega2,Within person,P050,6.0,,0.08985377352501012,0.46809655380689874
omega2,Within person,P051,1.0,,-0.8349712162366906,-0.016935421932451677
omega2,Within person,P051,2.0,,-0.026242741745299503,0.2574432124048616
omega2,Within person,P051,3.0,,0.25912524239672496,0.14512607377189807
omega2,Within person,P051,4.0,,0.2835881091658392,-0.2200733917658488
omega2,Within person,P051,5.0,,0.2153272439586864,0.23028793614942605
omega2,Within person,P051,6.0,,-0.27241120585431167,-0.17524812677225732
omega2,Within person,P051,7.0,,0.2867540770044965,0.005955757318317045
omega2,Within person,P051,8.0,,0.08883049131055376,-0.2265560391739449
omega2,Within person,P052,1.0,,-1.031229823257335,0.484104327977694
omega2,Within person,P052,2.0,,0.8649412347208414,1.0631959861552658
omega2,Within person,P052,3.0,,0.4061244051241887,0.09403399495359444
omega2,Within person,P052,4.0,,0.9872229631228703,1.0262354588103668
omega2,Within person,P052,5.0,,-0.8947753332116828,0.2658841794666533
omega2,Within person,P052,6.0,,-0.09286802734243138,-1.0668596090852054
omega2,Within person,P052,7.0,,1.2906561860110473,-0.9513020299617452
omega2,Within person,P052,8.0,,-1.5300716051674983,-0.915292308316624
omega2,Within person,P053,1.0,,0.16194034644145117,-0.1169954623635551
omega2,Within person,P053,2.0,,0.04120775191139636,0.13338684822193067
omega2,Within person,P053,3.0,,0.0313833267111403,0.09141929642449288
omega2,Within person,P053,4.0,,0.11675520320414023,0.09104880852948921
omega2,Within person,P053,5.0,,0.37534539677534184,-0.19654473779553006
omega2,Within person,P053,6.0,,-0.25626153597601997,0.15779221360201412
omega2,Within person,P053,7.0,,-0.4109687769952285,-0.1539713111186986
omega2,Within person,P053,8.0,,-0.05940171207222178,-0.006135655500143111
omega2,Within person,P054,1.0,,-0.13485146175688045,-0.4064331732903334
omega2,Within person,P054,2.0,,0.2796982315007006,0.5889342947355809
omega2,Within person,P054,3.0,,-0.22224429482304853,-0.01729329786327055
omega2,Within person,P054,4.0,,0.07528842272195968,0.27148796349891197
omega2,Within person,P054,5.0,,-0.2161603771730205,0.03218240952563661
omega2,Within person,P054,6.0,,0.38729362407347234,0.1984548919874189
omega2,Within person,P054,7.0,,-0.2206106917216143,-0.3128540465250665
omega2,Within person,P054,8.0,,0.05158654717843114,-0.3544790420688782
omega2,Within person,P055,1.0,,-1.236920135262055,-0.4744170720462897
omega2,Within person,P055,2.0,,1.1057294614578164,0.40770994651820947
omega2,Within person,P055,3.0,,0.13119067380423863,0.06670712552808039
omega2,Within person,P056,1.0,,0.06933438039900139,-2.1784661678804094
omega2,Within person,P056,2.0,,0.1106348518463291,0.30388528673935344
omega2,Within person,P056,3.0,,0.3884123074546973,0.0710572412155996
omega2,Within person,P056,4.0,,-0.2291365335408459,0.3824615249454045
omega2,Within person,P056,5.0,,-0.935996828320041,0.5186442120821935
omega2,Within person,P056,6.0,,0.46575166976967525,0.41722598691323237
omega2,Within person,P056,7.0,,0.2586385012716002,0.18875619020480008
omega2,Within person,P056,8.0,,-0.12763834888041625,0.2964357257798257
omega2,Within person,P057,1.0,,0.0,0.0
omega2,Within person,P058,1.0,,0.7436709503435615,-0.08922333274468064
omega2,Within person,P058,2.0,,0.5469374290684872,-0.23344569531945006
omega2,Within person,P058,3.0,,0.5749726757184974,-0.20215006208817057
omega2,Within person,P058,4.0,,0.3473626402879978,-0.15889219547098168
omega2,Within person,P058,5.0,,0.4400229743695647,-0.31203083385066765
omega2,Within person,P058,6.0,,-0.9070994545782468,0.1637778286440983
omega2,Within person,P058,7.0,,-0.9388795385620565,0.5811981680906618
omega2,Within person,P058,8.0,,-0.8069876766478051,0.2507661227391905
omega2,Within person,P059,1.0,,-1.6730353194373064,-1.5955470937469385
omega2,Within person,P059,2.0,,0.15803144687940873,0.7437461153303903
omega2,Within person,P059,3.0,,0.02800541157836267,0.6562234559317833
omega2,Within person,P059,4.0,,0.39934699009345764,0.47908685019377595
omega2,Within person,P059,5.0,,0.10276693944776516,0.08013652465667487
omega2,Within person,P059,6.0,,0.5221777241861034,0.3263496530114842
omega2,Within person,P059,7.0,,0.16265755816379635,-1.1198040283495145
omega2,Within person,P059,8.0,,0.30004924908841235,0.42980852297234484
omega2,Within person,P060,1.0,,0.014003132655271644,0.0804180313346472
omega2,Within person,P060,2.0,,0.43202520701815383,0.45866170284966823
omega2,Within person,P060,3.0,,0.4874485414431068,-0.2840389101701284
omega2,Within person,P060,4.0,,0.9872231977921246,0.5003651918392593
omega2,Within person,P060,5.0,,-1.282931155007579,-1.3981308456538075
omega2,Within person,P060,6.0,,-0.3023377033266441,0.7804927616775772
omega2,Within person,P060,7.0,,0.13902843761191686,0.09917942699279747
omega2,Within person,P060,8.0,,-0.4744596581863507,-0.23694735887001395
omega2,Within person,P061,1.0,,0.0,0.0
omega2,Within person,P062,1.0,,0.026690769130375047,-0.531699574431816
omega2,Within person,P062,2.0,,0.3651373301822786,0.09351367342927337
omega2,Within person,P062,3.0,,-0.07420268519052597,0.1087183424251281
omega2,Within person,P062,4.0,,0.48801729926367204,-0.4308709684112124
omega2,Within person,P062,5.0,,0.14796961935337277,-0.34292684294694886
omega2,Within person,P062,6.0,,-0.6834650610070565,0.45069373166819715
omega2,Within person,P062,7.0,,-0.4322449573261902,0.3786660588724149
omega2,Within person,P062,8.0,,0.16209768559407406,0.2739055793949639
omega2,Within person,P063,1.0,,1.007112706632684,-1.259803771154273
omega2,Within person,P063,2.0,,-0.15245214084660763,0.023674547229376897
omega2,Within person,P063,3.0,,-0.07804146336431494,0.1869201742951878
omega2,Within person,P063,4.0,,-1.135776034290838,0.08892651112062677
omega2,Within person,P063,5.0,,-0.048366576991836996,0.20307328249121914
omega2,Within person,P063,6.0,,0.017958978606174014,0.20191483424455314
omega2,Within person,P063,7.0,,0.002788349797518075,0.21971640510674817
omega2,Within person,P063,8.0,,0.3867761804572215,0.3355780166665605
omega2,Within person,P064,1.0,,-0.18047531870553501,-1.3008810956604564
omega2,Within person,P064,2.0,,-0.004748825709460114,0.6061766904801302
omega2,Within person,P064,3.0,,0.25809894602321726,0.3446285240033298
omega2,Within person,P064,4.0,,0.09945394070574443,0.10595665206867924
omega2,Within person,P064,5.0,,-0.17232874231396678,0.2441192291083173
omega2,Within person,P065,1.0,,-0.17655293050938564,0.13232459743893
omega2,Within person,P065,2.0,,-0.9943264683222939,-0.23784225584334126
omega2,Within person,P065,3.0,,0.3050269237532276,0.23666523233928077
omega2,Within person,P065,4.0,,-0.04593544342900735,-0.013145798380927776
omega2,Within person,P065,5.0,,-0.2667438068014224,0.10700368967349688
omega2,Within person,P065,6.0,,0.409527659521246,-0.1455419901472602
omega2,Within person,P065,7.0,,0.35226301776325886,0.07737280140584624
omega2,Within person,P065,8.0,,0.4167410480243769,-0.1568362764860246
omega2,Within person,P066,1.0,,0.2762943120681114,0.06518083550645937
omega2,Within person,P066,2.0,,0.3320822677651821,-0.1691449657946672
omega2,Within person,P066,3.0,,0.1995415484970569,0.00044373787197915515
omega2,Within person,P066,4.0,,0.09486481287791487,-0.05371562088573223
omega2,Within person,P066,5.0,,0.2446926703345748,-0.1388334019318424
omega2,Within person,P066,6.0,,-1.060542152632165,0.21466730779630305
omega2,Within person,P066,7.0,,0.03391205478678032,0.054783880273785446
omega2,Within person,P066,8.0,,-0.12084551369745551,0.02661822716371498
omega2,Within person,P067,1.0,,-0.3208925176180164,-0.6168042381009694
omega2,Within person,P067,2.0,,0.3208925176180164,0.6168042381009694
omega2,Within person,P068,1.0,,0.27836748923730414,-0.34178058762500363
omega2,Within person,P068,2.0,,-0.7025991103802682,0.11440638679928006
omega2,Within person,P068,3.0,,0.07868390837558856,0.08823648510433091
omega2,Within person,P068,4.0,,-0.1737265439184345,0.4471606385509673
omega2,Within person,P068,5.0,,0.26165858027089717,0.40754238252420594
omega2,Within person,P068,6.0,,0.031350391727601346,0.005519198044253271
omega2,Within person,P068,7.0,,-0.10386923902825909,-0.03975160532204258
omega2,Within person,P068,8.0,,0.33013452371557056,-0.6813328980759914
omega2,Within person,P069,1.0,,0.40486625756029504,-2.151501120758579
omega2,Within person,P069,2.0,,0.17492114393784153,-0.2225672298727942
omega2,Within person,P069,3.0,,-0.07615361526110753,0.5014426663111211
omega2,Within person,P069,4.0,,-0.07615361526110753,0.5014426663111211
omega2,Within person,P069,5.0,,-0.20233014865123478,0.434870175849005
omega2,Within person,P069,6.0,,-0.14899640706357875,0.434870175849005
omega2,Within person,P069,7.0,,-0.07615361526110753,0.5014426663111211
omega2,Within person,P070,1.0,,0.2881724095148498,-0.14135486834790334
omega2,Within person,P070,2.0,,-1.4478440381918103,-0.07051417528381121
omega2,Within person,P070,3.0,,-0.9580943880283945,-0.6950223567614806
omega2,Within person,P070,4.0,,-0.18574940251741706,-0.8967849791938822
omega2,Within person,P070,5.0,,-0.44122975578607054,0.5499139619438191
omega2,Within person,P070,6.0,,0.5309121648220444,0.021848244746463852
omega2,Within person,P070,7.0,,1.2245474691923803,-0.07395894087341692
omega2,Within person,P070,8.0,,0.989285540994418,1.3058731137702124
omega2,Within person,P071,1.0,,-1.621997399929295,0.19752248195895766
omega2,Within person,P071,2.0,,0.24489106093423546,0.3613000864096912
omega2,Within person,P071,3.0,,0.027714448973041372,0.2742324702452837
omega2,Within person,P071,4.0,,0.010179026116108603,0.1902711493574512
omega2,Within person,P071,5.0,,0.2761909911448712,-0.242494593690827
omega2,Within person,P071,6.0,,-0.014335918420504079,-0.17189399478903855
omega2,Within person,P071,7.0,,0.4830401456565468,-0.31529092278667825
omega2,Within person,P071,8.0,,0.5943176455249959,-0.29364667670484
omega2,Within person,P072,1.0,,-0.2054417132250122,0.15167797186332477
omega2,Within person,P072,2.0,,-0.42717394124147134,0.36459344207402733
omega2,Within person,P072,3.0,,0.3769600277138733,0.8541967873803684
omega2,Within person,P072,4.0,,-0.06800199430150919,1.2064003437252464
omega2,Within person,P072,5.0,,0.06272532216924803,-0.36125596856598763
omega2,Within person,P072,6.0,,-0.18319457140534656,-1.2095178024447382
omega2,Within person,P072,7.0,,-0.03306209779298444,-0.3837193254006118
omega2,Within person,P072,8.0,,0.4771889680832024,-0.622375448631629
omega2,Within person,P073,1.0,,0.0793865062425142,-0.3561974928329834
omega2,Within person,P073,2.0,,0.5765200564669546,-0.04189157585197009
omega2,Within person,P073,3.0,,0.12346206971931933,-0.298633445998571
omega2,Within person,P073,4.0,,-0.19125534734707614,0.5542738643158682
omega2,Within person,P073,5.0,,-0.12438720801350206,-0.5143640822634272
omega2,Within person,P073,6.0,,-0.25663310496262537,0.22382909995505068
omega2,Within person,P073,7.0,,0.019216578036304444,0.032456106923567665
omega2,Within person,P073,8.0,,-0.22630955014188903,0.4005275257524651
omega2,Within person,P074,1.0,,0.053278601522215585,0.37382891039970545
omega2,Within person,P074,2.0,,0.9846765047715743,1.0148457930784094
omega2,Within person,P074,3.0,,0.5279089291405668,-0.8141951328037573
omega2,Within person,P074,4.0,,0.8221986855989755,1.2272501818439079
omega2,Within person,P074,5.0,,-1.9608301330614546,-1.2592410490951187
omega2,Within person,P074,6.0,,0.6804646555663456,-0.8352181507847038
omega2,Within person,P074,7.0,,-0.6305578066536248,-0.21289742795085886
omega2,Within person,P074,8.0,,-0.47713943688459876,0.5056268753124158
omega2,Within person,P075,1.0,,-0.21604542507610824,0.5701722492225249
omega2,Within person,P075,2.0,,0.21604542507610824,-0.5701722492225249
omega2,Within person,P076,1.0,,-0.008774031825855677,0.3066329398882732
omega2,Within person,P076,2.0,,-0.26174327110921264,-1.081990714194023
omega2,Within person,P076,3.0,,-0.09162841500764818,0.17461816818178744
omega2,Within person,P076,4.0,,-0.14906393025331433,-0.13339767570623626
omega2,Within person,P076,5.0,,-0.00760574170467776,-0.12429995247118078
omega2,Within person,P076,6.0,,0.09100777563902385,0.33692003507035195
omega2,Within person,P076,7.0,,0.4270814798835133,0.2521459807415864
omega2,Within person,P076,8.0,,0.0007261343781713725,0.2693712184894412
omega2,Within person,P077,1.0,,-0.1577703384661593,-0.5482124206755482
omega2,Within person,P077,2.0,,-0.41304717518963996,0.29442175728408787
omega2,Within person,P077,3.0,,-0.5218318147047685,-0.6900380206073035
omega2,Within person,P077,4.0,,0.3433448556546864,0.5225632114302834
omega2,Within person,P077,5.0,,0.1269991132794217,-0.5080319763178935
omega2,Within person,P077,6.0,,-0.15398373125887754,0.47395568935090127
omega2,Within person,P077,7.0,,0.6838481499972152,0.26359341856201457
omega2,Within person,P077,8.0,,0.09244094068812214,0.19174834097345816
omega2,Within person,P078,1.0,,0.0762074421668349,-0.2570473093952817
omega2,Within person,P078,2.0,,-0.503528905737926,0.11395404151749117
omega2,Within person,P078,3.0,,0.1399481370334204,-0.04288697227700822
omega2,Within person,P078,4.0,,0.28737332653767056,0.1859802401547987
omega2,Within person,P079,1.0,,0.96806920675645,-0.18372194019179172
omega2,Within person,P079,2.0,,-2.592085701577357,-0.2245151913992114
omega2,Within person,P079,3.0,,1.0135853686347283,-0.1307052788270714
omega2,Within person,P079,4.0,,0.6885989069113487,-0.34121845304768533
omega2,Within person,P079,5.0,,0.8589870835263946,0.3895994086993297
omega2,Within person,P079,6.0,,0.9190501847712966,0.18265738238748813
omega2,Within person,P079,7.0,,-2.5812520397687977,0.2185784538351747
omega2,Within person,P079,8.0,,0.7250469907459367,0.08932561854376722
omega2,Within person,P080,1.0,,0.24798965184470367,-0.4520889651764175
omega2,Within person,P080,2.0,,0.31781753510323163,-0.2214360711670335
omega2,Within person,P080,3.0,,-0.3283183349783101,0.542278694594797
omega2,Within person,P080,4.0,,0.10320376968235834,-0.018241025473149763
omega2,Within person,P080,5.0,,-0.11172529174840506,0.30492685608386283
omega2,Within person,P080,6.0,,0.09785373697385424,-0.38553781695038825
omega2,Within person,P080,7.0,,-0.2742569222736617,-0.07938681085235866
omega2,Within person,P080,8.0,,-0.052564144603771124,0.30948513894068796
omega2,Within person,P081,1.0,,-1.3826563691502693,-0.17088977004410955
omega2,Within person,P081,2.0,,0.23123508831965106,-0.10525637779959163
omega2,Within person,P081,3.0,,0.2856213016614081,0.783557259625776
omega2,Within person,P081,4.0,,0.8499254174073718,0.6233219764293314
omega2,Within person,P081,5.0,,0.1685877549142203,-0.18411851412312225
omega2,Within person,P081,6.0,,0.3097807943710341,0.28710846087408126
omega2,Within person,P081,7.0,,-0.4684874094578204,-1.1522479033763176
omega2,Within person,P081,8.0,,0.005993421934404428,-0.08147513158604774
omega2,Within person,P082,1.0,,0.20463701532097145,0.43818680676458777
omega2,Within person,P082,2.0,,-2.698158214188318,-0.7503204053484446
omega2,Within person,P082,3.0,,0.33734234660790774,0.2480184960001381
omega2,Within person,P082,4.0,,0.45624313007349115,0.5294665961171923
omega2,Within person,P082,5.0,,0.36579375149252,0.39029170432537985
omega2,Within person,P082,6.0,,0.536347114366013,-0.08296444822639248
omega2,Within person,P082,7.0,,0.6042914038531122,-0.16232799227971656
omega2,Within person,P082,8.0,,0.19350345247430223,-0.6103507573527444
omega2,Within person,P083,1.0,,0.0,0.0
omega2,Within person,P084,1.0,,-1.3869536822357071,-1.573763736749128
omega2,Within person,P084,2.0,,0.3250629907873173,0.7842938974151497
omega2,Within person,P084,3.0,,1.0618906914483897,0.7894698393339784
omega2,Within person,P085,1.0,,0.14356433821083453,1.1868282168806248
omega2,Within person,P085,2.0,,-1.212526591281312,1.1466135136904438
omega2,Within person,P085,3.0,,-0.30676048770285674,0.8406394654771615
omega2,Within person,P085,4.0,,0.25256388210344805,0.8231386241891341
omega2,Within person,P085,5.0,,-0.19085203354499808,-1.3781070546774647
omega2,Within person,P085,6.0,,1.0720393533551273,-0.5327911143629808
omega2,Within person,P085,7.0,,-0.2728311024976054,-2.647674979262705
omega2,Within person,P085,8.0,,0.5148026413573621,0.5613533280657865
omega2,Within person,P086,1.0,,0.06066198543626011,0.05036559576624708
omega2,Within person,P086,2.0,,-0.4664599116097905,-0.34126446383957143
omega2,Within person,P086,3.0,,0.5278265876068751,-0.14183440005259082
omega2,Within person,P086,4.0,,-0.05651269804564463,0.2704128445380156
omega2,Within person,P086,5.0,,-0.3097052780975267,-0.24091865060673534
omega2,Within person,P086,6.0,,0.15646661085506353,0.18812400206680857
omega2,Within person,P086,7.0,,0.16224369563393926,-0.15387102964452162
omega2,Within person,P086,8.0,,-0.07452099177917637,0.3689861017723478
omega2,Within person,P087,1.0,,0.36384771793728254,-0.1780025494247848
omega2,Within person,P087,2.0,,0.295828847510231,-0.17319481498874478
omega2,Within person,P087,3.0,,-0.24395334422174145,-0.6034357552157098
omega2,Within person,P087,4.0,,0.9515771514060009,0.38419438829614355
omega2,Within person,P087,5.0,,-1.2277864202139828,-0.3540760434396453
omega2,Within person,P087,6.0,,0.4296509428221128,0.3824030094954992
omega2,Within person,P087,7.0,,-0.5564137512672279,0.033148527432344
omega2,Within person,P087,8.0,,-0.012751143972674961,0.5089632378448979
omega2,Within person,P088,1.0,,-0.0039011404310678177,-0.18128525148383395
omega2,Within person,P088,2.0,,0.018425972825510117,-0.5569304688702281
omega2,Within person,P088,3.0,,0.33339700905427155,0.2549707185678783
omega2,Within person,P088,4.0,,0.6145063493062382,-0.1151351045831234
omega2,Within person,P088,5.0,,-0.32713646966914744,-0.423749759805783
omega2,Within person,P088,6.0,,-0.05182682937449504,0.28399444800897106
omega2,Within person,P088,7.0,,-0.7669481305396484,0.15291944397547774
omega2,Within person,P088,8.0,,0.1834832388283389,0.5852159741906413
omega2,Within person,P089,1.0,,-1.6650924493323918,0.11351391688530282
omega2,Within person,P089,2.0,,0.31166278348956483,0.09241951144383559
omega2,Within person,P089,3.0,,0.3516423867532898,0.053180417383809464
omega2,Within person,P089,4.0,,0.6399021380540608,-0.2639204329682499
omega2,Within person,P089,5.0,,-0.03555500714892312,-0.3980362019059465
omega2,Within person,P089,6.0,,0.25388963038360673,-0.0022538286133917396
omega2,Within person,P089,7.0,,0.1200886114216781,0.308570675759325
omega2,Within person,P089,8.0,,0.02346190637911466,0.09652594201531545
omega2,Within person,P090,1.0,,0.023538646185655043,-0.26747910922340296
omega2,Within person,P090,2.0,,-0.3229881628184824,-0.0665114411690026
omega2,Within person,P090,3.0,,-0.03416176404870486,0.32207450989428066
omega2,Within person,P090,4.0,,0.1542592799113054,0.054352473687084235
omega2,Within person,P090,5.0,,0.1025973363015904,-0.16588883614590283
omega2,Within person,P090,6.0,,0.0767546644686361,0.12345240295694349
omega2,Within person,P091,1.0,,-0.274493840528802,-0.8702717535577544
omega2,Within person,P091,2.0,,0.012579829252466701,-1.0581102338596962
omega2,Within person,P091,3.0,,0.629903693690595,-0.07901919835134086
omega2,Within person,P091,4.0,,-0.12243648305835753,0.6077839900555769
omega2,Within person,P091,5.0,,-0.15353595181242197,0.25540792975410465
omega2,Within person,P091,6.0,,0.09457594233959266,0.3856195082243613
omega2,Within person,P091,7.0,,0.012917038313729479,0.7134923836955022
omega2,Within person,P091,8.0,,-0.19951022819680264,0.04509737403924641
omega2,Within person,P092,1.0,,0.98921924285521,-0.14168218255682208
omega2,Within person,P092,2.0,,-0.3784593894489979,-0.42875008484895727
omega2,Within person,P092,3.0,,-0.6992917464796058,-0.22129024634990657
omega2,Within person,P092,4.0,,-0.27574476045280444,0.171691284774677
omega2,Within person,P092,5.0,,0.14947149589450093,-0.2142512030190561
omega2,Within person,P092,6.0,,0.1371382854303822,0.26523622776682165
omega2,Within person,P092,7.0,,0.09138787390222908,0.4816808754090369
omega2,Within person,P092,8.0,,-0.013721001700914282,0.08736532882420578
omega2,Within person,P093,1.0,,0.30927191649601765,0.3024032050019187
omega2,Within person,P093,2.0,,0.14999201863048778,0.20464664613144595
omega2,Within person,P093,3.0,,0.23725112156661574,-0.7072356061944569
omega2,Within person,P093,4.0,,0.201819470306888,-0.32719705556238254
omega2,Within person,P093,5.0,,0.39136820138290795,0.27721256332912964
omega2,Within person,P093,6.0,,-0.047937734915380614,-0.17562686499487318
omega2,Within person,P093,7.0,,-0.38251437804020055,0.20458441024969704
omega2,Within person,P093,8.0,,-0.8592506154273358,0.22121270203952126
omega2,Within person,P094,1.0,,-0.07753677213089383,-0.03357544385656941
omega2,Within person,P094,2.0,,-0.005099031581537572,0.009071411348159475
omega2,Within person,P094,3.0,,0.4856322515661142,-0.2295971851465991
omega2,Within person,P094,4.0,,-1.5142263327615832,-0.3228181421455707
omega2,Within person,P094,5.0,,0.2979814827904024,0.07989551349364166
omega2,Within person,P094,6.0,,0.4766355497538408,0.2796761957415907
omega2,Within person,P094,7.0,,0.2784898854483602,-0.16943587851952824
omega2,Within person,P094,8.0,,0.05812296691529728,0.38678352908487573
omega2,Within person,P095,1.0,,0.05063786046191883,0.02364007855419281
omega2,Within person,P095,2.0,,0.17381152093621904,-0.04566855101915013
omega2,Within person,P095,3.0,,0.1980611792990582,0.03636276785050385
omega2,Within person,P095,4.0,,-0.7170227380540877,0.5002601131400993
omega2,Within person,P095,5.0,,0.06652485781354196,-0.25895217873818666
omega2,Within person,P095,6.0,,-0.450217386158449,0.07812733512002146
omega2,Within person,P095,7.0,,0.15737268598148085,0.043975456685461434
omega2,Within person,P095,8.0,,0.5208320197203177,-0.37774502159294265
omega2,Within person,P096,1.0,,0.712956605598831,0.5413256091642681
omega2,Within person,P096,2.0,,0.23802440847898942,-0.020990744848017384
omega2,Within person,P096,3.0,,-1.3696692454949884,-0.2892364336981387
omega2,Within person,P096,4.0,,0.41868823141716777,-0.23109843061811197
omega2,Within person,P097,1.0,,0.012140479823576134,0.3359763365061614
omega2,Within person,P097,2.0,,-0.25957504390643993,-0.7548948978537556
omega2,Within person,P097,3.0,,-0.30694293636121506,-0.6856002601657959
omega2,Within person,P097,4.0,,0.13544673114316574,0.19423118138706133
omega2,Within person,P097,5.0,,0.24262601646913473,0.13291539206108416
omega2,Within person,P097,6.0,,0.007554821088556651,0.24369126516354336
omega2,Within person,P097,7.0,,0.02216281959805999,-0.0907683020055543
omega2,Within person,P097,8.0,,0.14658711214516207,0.6244492849072557
omega2,Within person,P098,1.0,,1.379254007562107,0.22284249056336022
omega2,Within person,P098,2.0,,0.8398066501973578,-0.23436639905162024
omega2,Within person,P098,3.0,,-0.5955910108422459,-1.541194232530021
omega2,Within person,P098,4.0,,-0.41808559701051673,0.16606956607924106
omega2,Within person,P098,5.0,,-1.2982190006908665,-0.22168376267068596
omega2,Within person,P098,6.0,,0.5848531304496265,0.41557572579198954
omega2,Within person,P098,7.0,,-0.30573454235108866,0.4016162001559538
omega2,Within person,P098,8.0,,-0.18628363731437336,0.7911404116617826
omega2,Within person,P099,1.0,,-0.39935307529917646,0.07156092395699659
omega2,Within person,P099,2.0,,0.26132405277081616,0.19547870409411006
omega2,Within person,P099,3.0,,-0.01024338818172621,-0.26978280063384963
omega2,Within person,P099,4.0,,-0.07905435406337202,-0.4847085528390046
omega2,Within person,P099,5.0,,0.34174793534896986,0.10430592144224154
omega2,Within person,P099,6.0,,-0.3013490443700075,0.2945956239309629
omega2,Within person,P099,7.0,,-0.15727407171269386,-0.08134740420525208
omega2,Within person,P099,8.0,,0.3442019455071904,0.16989758425379536
omega2,Within person,P100,1.0,,0.31869378100906065,0.03230216259573715
omega2,Within person,P100,2.0,,-0.1980823004723017,-0.04015989641779916
omega2,Within person,P100,3.0,,0.028520142497440393,0.18788391149550543
omega2,Within person,P100,4.0,,0.26969644137638715,-0.07562063551497014
omega2,Within person,P100,5.0,,-0.497985130678109,-0.11045188873790868
omega2,Within person,P100,6.0,,0.061887920502977645,-0.018111442570848846
omega2,Within person,P100,7.0,,0.039461819032260426,-0.2098969388015715
omega2,Within person,P100,8.0,,-0.02219267326771579,0.23405472795185556
omega2,Within person,P101,1.0,,-0.42258495461223056,-0.3128972188270829
omega2,Within person,P101,2.0,,0.19016990236858644,-0.05510829053320243
omega2,Within person,P101,3.0,,0.4062357568347085,-0.11728865421890147
omega2,Within person,P101,4.0,,0.3368327883383303,0.07521591841226
omega2,Within person,P101,5.0,,0.058723522524314564,0.05664558222845212
omega2,Within person,P101,6.0,,0.07268668335739525,0.19751185371560132
omega2,Within person,P101,7.0,,-0.24725678247982796,0.09798053842870758
omega2,Within person,P101,8.0,,-0.3948069163312765,0.057940270794165916
omega2,Within person,P102,1.0,,-0.02912545648009235,-0.451597650814435
omega2,Within person,P102,2.0,,0.02912545648009235,0.451597650814435
omega2,Within person,P103,1.0,,0.6003921743151848,0.06605612429667373
omega2,Within person,P103,2.0,,1.1066612535900888,0.41348032556263137
omega2,Within person,P103,3.0,,0.35706416608613445,1.5824348390654142
omega2,Within person,P103,4.0,,0.21908646486694533,-0.6414519182099787
omega2,Within person,P103,5.0,,-0.2755738812185501,-1.70566863492765
omega2,Within person,P103,6.0,,-1.9493974664879306,-1.0041229060760624
omega2,Within person,P103,7.0,,0.3505429202346093,-0.04835217390330815
omega2,Within person,P103,8.0,,-0.40877563138648254,1.33762434419228
omega2,Within person,P104,1.0,,2.664923171005912,-1.0985926501237662
omega2,Within person,P104,2.0,,2.2418054955582107,-0.2337982131414431
omega2,Within person,P104,3.0,,-0.5970166458920148,-0.1818394326247782
omega2,Within person,P104,4.0,,-0.8892216550257446,-0.37261481087823456
omega2,Within person,P104,5.0,,-0.8215358895600839,0.3111953240725429
omega2,Within person,P104,6.0,,-0.9814271185954253,0.6760708341481199
omega2,Within person,P104,7.0,,-0.6628067919885161,0.22350811439943907
omega2,Within person,P104,8.0,,-0.9547205655023381,0.6760708341481199
omega2,Within person,P105,1.0,,-1.3251966354315483,-0.2922839191919717
omega2,Within person,P105,2.0,,-0.1482401389858652,-1.4610747087152678
omega2,Within person,P105,3.0,,1.6185447279068663,2.234005416029773
omega2,Within person,P105,4.0,,2.692560328222525,2.311013261441594
omega2,Within person,P105,5.0,,-1.3184097180722292,-2.4842376110715896
omega2,Within person,P105,6.0,,-1.4962596531170904,-1.4073080146789128
omega2,Within person,P105,7.0,,-1.1888033641790972,-1.8540042325266115
omega2,Within person,P105,8.0,,1.1658044536564391,2.953889808712986
omega2,Within person,P106,1.0,,0.2679845339718886,0.2328878873363723
omega2,Within person,P106,2.0,,0.024160383533340823,-0.23671213352995008
omega2,Within person,P106,3.0,,-0.30073685372144016,0.0245127060618322
omega2,Within person,P106,4.0,,0.13030441593562725,-0.22536365370215178
omega2,Within person,P106,5.0,,0.2459610154433055,0.4841971055418144
omega2,Within person,P106,6.0,,-0.5141302846882598,0.09080701517130038
omega2,Within person,P106,7.0,,-0.12841306574978706,-0.30968374355299144
omega2,Within person,P106,8.0,,0.2748698552753245,-0.060645183326225954
omega2,Within person,P107,1.0,,0.9485733086771643,-0.4868870507717099
omega2,Within person,P107,2.0,,-0.5902165933234417,0.19074026441838998
omega2,Within person,P107,3.0,,-0.22843567928946656,0.5964776759934549
omega2,Within person,P107,4.0,,-0.5134370853981103,-0.24887068586365613
omega2,Within person,P107,5.0,,0.07426952810510887,0.19074026441838998
omega2,Within person,P107,6.0,,-0.3677047518327111,0.09330152755102294
omega2,Within person,P107,7.0,,-0.4937567930789051,0.48900678987279056
omega2,Within person,P107,8.0,,1.1707080661403617,-0.824508785618683
omega2,Within person,P108,1.0,,0.028840519002652998,0.22573247688185183
omega2,Within person,P108,2.0,,0.020269084687792982,-0.33682088105341035
omega2,Within person,P108,3.0,,-0.1072979227541101,-0.04649983348481446
omega2,Within person,P108,4.0,,0.16130348271345052,-0.23495718664989407
omega2,Within person,P108,5.0,,0.2380439573891251,0.30534054067493654
omega2,Within person,P108,6.0,,-0.14337603326943593,0.22573247688185183
omega2,Within person,P108,7.0,,0.11169498242753895,0.012783869122773295
omega2,Within person,P108,8.0,,-0.30947807019701423,-0.15131146237329463
omega2,Within person,P109,1.0,,0.48914679205824557,0.2313738607529232
omega2,Within person,P109,2.0,,-0.0873366412728947,0.24051698927545673
omega2,Within person,P109,3.0,,0.13918200951848606,-0.09884586268868634
omega2,Within person,P109,4.0,,-0.2991695664168734,-0.14941588352322888
omega2,Within person,P109,5.0,,-0.12375058752237766,0.3205684562835276
omega2,Within person,P109,6.0,,-0.007977521015953504,-0.6633239960392363
omega2,Within person,P109,7.0,,0.22194636830834427,0.2992262941023224
omega2,Within person,P109,8.0,,-0.3320408536569768,-0.18009985816307822
omega2,Within person,P110,1.0,,-0.15544867925981443,-0.24210340858179405
omega2,Within person,P110,2.0,,0.19878467474519157,0.2416101116902142
omega2,Within person,P110,3.0,,0.192366410873424,-0.09214777974970409
omega2,Within person,P110,4.0,,0.2112352641373758,-0.1717968559811914
omega2,Within person,P110,5.0,,-0.1534133625164228,-0.4961260940422678
omega2,Within person,P110,6.0,,0.016909609062593978,0.0786491094402319
omega2,Within person,P110,7.0,,-0.753020101971683,0.564315206786253
omega2,Within person,P110,8.0,,0.44258618492933444,0.11759971043825829
omega2,Within person,P111,1.0,,-1.3476194131873718,-0.9909512944765551
omega2,Within person,P111,2.0,,-0.33369550573376694,0.2644973100595212
omega2,Within person,P111,3.0,,-0.11542818618455325,0.46978914002042216
omega2,Within person,P111,4.0,,0.5336168604635009,-0.09525233306859696
omega2,Within person,P111,5.0,,0.23579045068972038,0.11804549251908233
omega2,Within person,P111,6.0,,0.22694772617881032,-0.040039583234412146
omega2,Within person,P111,7.0,,0.35239026345729463,0.15877182864580885
omega2,Within person,P111,8.0,,0.44799780431636604,0.11513943953472965
omega2,Within person,P112,1.0,,0.06421077841018252,0.5322398496351308
omega2,Within person,P112,2.0,,0.9997467285391488,-0.7497666540738395
omega2,Within person,P112,3.0,,-1.0639575069493317,0.21752680443870864
omega2,Within person,P113,1.0,,0.021050273873117635,0.11720381867058671
omega2,Within person,P113,2.0,,-0.021050273873117642,-0.11720381867058673
omega2,Within person,P114,1.0,,0.0,0.0
omega2,Within person,P115,1.0,,-0.23689249971951443,-0.630595890818656
omega2,Within person,P115,2.0,,-0.12149389596624471,-0.1556788842231322
omega2,Within person,P115,3.0,,-0.15349656342438744,0.16667183410026012
omega2,Within person,P115,4.0,,0.4967137842896223,0.18834772872917385
omega2,Within person,P115,5.0,,0.002704738793015804,0.3397223574243441
omega2,Within person,P115,6.0,,-0.019243033599032233,0.21234466245482045
omega2,Within person,P115,7.0,,-0.05016052857085629,0.057481791963399115
omega2,Within person,P115,8.0,,0.08186799819739665,-0.17829359963020947
omega2,Within person,P116,1.0,,0.1741958267376582,-0.12211450162946944
omega2,Within person,P116,2.0,,0.19927201654420024,0.3792143073435129
omega2,Within person,P116,3.0,,-0.3734678432818585,-0.25709980571404345
omega2,Within person,P117,1.0,,-0.5470165100996176,-1.8625675724332473
omega2,Within person,P117,2.0,,-1.427845883024081,-1.4227240155457692
omega2,Within person,P117,3.0,,1.5001689541035654,0.4326347203005314
omega2,Within person,P117,4.0,,-0.16584623176782132,1.3500729903612105
omega2,Within person,P117,5.0,,0.6379879966355996,-1.2807981192980127
omega2,Within person,P117,6.0,,-0.931446078987483,0.5416880185718829
omega2,Within person,P117,7.0,,0.8664294065148236,1.4475997503338232
omega2,Within person,P117,8.0,,0.06756834662501443,0.7940942277095816
omega2,Within person,P118,1.0,,0.21057540606142455,0.34239433168491784
omega2,Within person,P118,2.0,,0.6786815347152471,-0.02496452586840725
omega2,Within person,P118,3.0,,0.5768855620848286,0.5228851400521083
omega2,Within person,P118,4.0,,0.6021339552411462,-0.3071469732191523
omega2,Within person,P118,5.0,,0.3600861035280086,-0.13707665067625127
omega2,Within person,P118,6.0,,0.10030220450758354,0.5246565647181944
omega2,Within person,P118,7.0,,-0.0686128108915885,0.1248345055665187
omega2,Within person,P118,8.0,,-2.4600519552466498,-1.0455823922579284
omega2,Within person,P119,1.0,,-2.614470167644463,-2.315928557140831
omega2,Within person,P119,2.0,,-1.2012480256127702,-4.074695634032536
omega2,Within person,P119,3.0,,-2.2900059254641456,-1.3733555197799003
omega2,Within person,P119,4.0,,1.009890459326704,1.4516263048787181
omega2,Within person,P119,5.0,,1.2637257188501476,1.8155354001221211
omega2,Within person,P119,6.0,,1.4357484990976963,1.507793824104218
omega2,Within person,P119,7.0,,1.3476819759479006,1.5081618134143138
omega2,Within person,P119,8.0,,1.0486774654989306,1.4808623684338955
omega2,Within person,P120,1.0,,-0.013302413814112013,-0.25726113188560723
omega2,Within person,P120,2.0,,0.3862080980160241,0.20097535187171411
omega2,Within person,P120,3.0,,-0.1627488424140876,0.2863686934037004
omega2,Within person,P120,4.0,,0.19622837877873706,0.1546425342400174
omega2,Within person,P120,5.0,,-1.2952427963790005,-0.18301842850691347
omega2,Within person,P120,6.0,,-0.2603094943110116,0.3591830234872768
omega2,Within person,P120,7.0,,0.5498905398778514,0.31977090483309434
omega2,Within person,P120,8.0,,0.599276530245599,-0.8806609474432825
omega2,Within person,P121,1.0,,-0.09531098432801044,-0.31477413568641455
omega2,Within person,P121,2.0,,0.27564838797543445,0.2573923220351618
omega2,Within person,P121,3.0,,-0.04407023420699696,-0.19552995100947418
omega2,Within person,P121,4.0,,0.45621802474708295,0.1638308469428035
omega2,Within person,P121,5.0,,-0.2868774965239575,0.23975833682992045
omega2,Within person,P121,6.0,,-0.20851749806624603,-0.5012470941362018
omega2,Within person,P121,7.0,,0.03339345892986256,0.21826138328324665
omega2,Within person,P121,8.0,,-0.1304836585271691,0.13230829174095812
omega2,Within person,P122,1.0,,0.0,0.0
omega2,Within person,P123,1.0,,-1.9775353112464429,0.46287389756551134
omega2,Within person,P123,2.0,,-2.0079233296904615,0.1035034548531818
omega2,Within person,P123,3.0,,0.6064226260339955,-0.442705290539784
omega2,Within person,P123,4.0,,0.3445407454295694,0.27661438657186244
omega2,Within person,P123,5.0,,0.6632228993398026,-0.002763114143767842
omega2,Within person,P123,6.0,,1.0444129191442615,-0.15126027610850634
omega2,Within person,P123,7.0,,0.5476155891521333,0.11070062659848579
omega2,Within person,P123,8.0,,0.779243861837142,-0.35696368479698287
omega2,Within person,P124,1.0,,0.3013744706687884,-0.2712945617856002
omega2,Within person,P124,2.0,,-0.4687804877433432,-2.311835118240664
omega2,Within person,P124,3.0,,-0.047494475411909653,-0.2349902035406446
omega2,Within person,P124,4.0,,0.11571640788223869,0.5196860811741895
omega2,Within person,P124,5.0,,-0.05281174135481792,0.7865240480680996
omega2,Within person,P124,6.0,,0.24428477139199856,0.8651731148977165
omega2,Within person,P124,7.0,,-0.16657287863606107,0.5300926282572522
omega2,Within person,P124,8.0,,0.07428393320310622,0.11664401116965117
omega2,Within person,P125,1.0,,-0.5109454400798561,0.1649689247259456
omega2,Within person,P125,2.0,,-0.6727948939785114,0.9968035998888188
omega2,Within person,P125,3.0,,-0.1309780893019442,0.1353831376751029
omega2,Within person,P125,4.0,,0.12620160371466527,-0.20699767630569058
omega2,Within person,P125,5.0,,0.6071228845222012,-0.42636784300609126
omega2,Within person,P125,6.0,,0.37225301739077443,-0.047843424497761355
omega2,Within person,P125,7.0,,-0.12550119811412236,-0.762758527821513
omega2,Within person,P125,8.0,,0.3346421158467928,0.14681180934118887
omega2,Within person,P126,1.0,,-1.0932937521790578,0.2913007224450508
omega2,Within person,P126,2.0,,-1.090216055086402,0.12118726525596824
omega2,Within person,P126,3.0,,-1.143730590214135,0.49567528388980575
omega2,Within person,P126,4.0,,-0.28040052239600133,-0.18470384619319957
omega2,Within person,P126,5.0,,1.1966975124122312,0.09710707500242921
omega2,Within person,P126,6.0,,1.2232681546020472,0.12730324353186107
omega2,Within person,P126,7.0,,1.133617420482289,0.4010693014451978
omega2,Within person,P126,8.0,,0.05405783237902928,-1.3489390453771133
omega2,Within person,P127,1.0,,0.1926613697519609,-0.03976569236111624
omega2,Within person,P127,2.0,,-0.13307337302538536,-0.9094538826417786
omega2,Within person,P127,3.0,,0.09316891971708896,0.16688308237210708
omega2,Within person,P127,4.0,,0.10155006422330837,0.2539143253282938
omega2,Within person,P127,5.0,,-0.04729503600994511,0.1011361873335831
omega2,Within person,P127,6.0,,-0.08145215111374748,0.2697179694836446
omega2,Within person,P127,7.0,,0.12250388631631148,-0.11193490339890133
omega2,Within person,P127,8.0,,-0.24806367985959177,0.2695029138841675
omega2,Within person,P128,1.0,,0.17637612707801487,0.459056132817472
omega2,Within person,P128,2.0,,-2.925537007935623,-0.012859479054223688
omega2,Within person,P128,3.0,,0.21549009627153914,-0.18889098342397959
omega2,Within person,P128,4.0,,0.4788459388510403,-0.06418239047466373
omega2,Within person,P128,5.0,,0.6896506340137245,-0.11952218701541656
omega2,Within person,P128,6.0,,0.30996657813295436,0.3975264455157883
omega2,Within person,P128,7.0,,0.36817524477629116,-0.3492953109006773
omega2,Within person,P128,8.0,,0.6870323888120584,-0.12183222746429928
omega2,Within person,P129,1.0,,0.7092353168963276,-0.7876935515140784
omega2,Within person,P129,2.0,,0.0882050515660508,-0.4971241243453517
omega2,Within person,P129,3.0,,0.004990694524622585,-0.31448633611623955
omega2,Within person,P129,4.0,,0.025246613180619493,7.88539853547876e-05
omega2,Within person,P129,5.0,,-0.7714543527917104,0.37302242471093217
omega2,Within person,P129,6.0,,-0.18813765252039683,0.5867658390719646
omega2,Within person,P129,7.0,,-0.07800340442044484,0.9220155448357412
omega2,Within person,P129,8.0,,0.20991773356493165,-0.2825786506283229
omega2,Within person,P130,1.0,,-1.107727055101152,-0.1914735354607564
omega2,Within person,P130,2.0,,-1.0941199821887448,-0.11086808955465849
omega2,Within person,P130,3.0,,0.9217892201728392,-0.125516972284145
omega2,Within person,P130,4.0,,-0.07946327976229894,0.722047759261305
omega2,Within person,P130,5.0,,0.09551914327047184,-0.9476396409611981
omega2,Within person,P130,6.0,,0.7434245574478793,0.3968229117321628
omega2,Within person,P130,7.0,,0.08281638995785168,0.12317548400670433
omega2,Within person,P130,8.0,,0.4377610062031534,0.13345208326058605
omega2,Within person,P131,1.0,,-0.40074487586958685,0.08076977511625356
omega2,Within person,P131,2.0,,-0.9044346646211194,0.6785437838916124
omega2,Within person,P131,3.0,,0.10776238889807693,0.05868698273577937
omega2,Within person,P131,4.0,,0.08203816590109814,-0.5141676661561809
omega2,Within person,P131,5.0,,0.46588512145200256,0.11123575365781378
omega2,Within person,P131,6.0,,0.15914986602263498,-0.40233046787436827
omega2,Within person,P131,7.0,,0.1811563253711196,0.2680182650076339
omega2,Within person,P131,8.0,,0.3091876728457741,-0.28075642637854387
omega2,Within person,P132,1.0,,0.8360580696486392,-0.127461312206476
omega2,Within person,P132,2.0,,-0.8360580696486393,0.127461312206476
omega2,Within person,P133,1.0,,-1.84286878829589,-0.038876851983277526
omega2,Within person,P133,2.0,,0.114166446085433,0.42501850371918615
omega2,Within person,P133,3.0,,0.9845457242021091,0.31765412826081774
omega2,Within person,P133,4.0,,0.37910868291572447,-0.18163735569477651
omega2,Within person,P133,5.0,,0.8421260470290964,0.10299395976210178
omega2,Within person,P133,6.0,,0.3406949040873629,0.03155502186904845
omega2,Within person,P133,7.0,,-0.042098791488222265,-0.1740709044627076
omega2,Within person,P133,8.0,,-0.7756742245356135,-0.48263650147039244
omega2,Within person,P134,1.0,,0.38299620406689916,0.20057192776173022
omega2,Within person,P134,2.0,,0.3001991395296305,0.04023500878266657
omega2,Within person,P134,3.0,,-0.014931144968679755,0.25944885107476895
omega2,Within person,P134,4.0,,0.03167673505907376,-0.023442448307772132
omega2,Within person,P134,5.0,,0.4172547497839908,0.28462407408208906
omega2,Within person,P134,6.0,,-0.5808211083093613,-0.25182179741661564
omega2,Within person,P134,7.0,,-0.3462594724521594,-0.16227018673340937
omega2,Within person,P134,8.0,,-0.19011510270939397,-0.3473454292434576
omega2,Within person,P135,1.0,,0.5660687563410381,-0.04724960764292446
omega2,Within person,P135,2.0,,-0.6737443140625646,0.2803469355798288
omega2,Within person,P135,3.0,,-0.840742892025081,0.21236421554998786
omega2,Within person,P135,4.0,,-0.01605305823888964,-1.1830368397155706
omega2,Within person,P135,5.0,,-0.4001040201521818,0.1379941678536989
omega2,Within person,P135,6.0,,0.28944725431413104,0.14917271206294191
omega2,Within person,P135,7.0,,0.447622952049863,0.25477302336515506
omega2,Within person,P135,8.0,,0.6275053217736848,0.1956353929468826
omega2,Within person,P136,1.0,,-0.19104856747829602,-0.553189354011221
omega2,Within person,P136,2.0,,-0.17904365407689982,0.2204080158857591
omega2,Within person,P136,3.0,,0.10734080861259032,0.08791028601123646
omega2,Within person,P136,4.0,,0.2627514129426055,0.2448710521142256
omega2,Within person,P137,1.0,,0.6709472195649967,-0.15115979784407074
omega2,Within person,P137,2.0,,0.8182539995189524,-0.07573033075986746
omega2,Within person,P137,3.0,,-0.4403181607916019,-0.1605470167892008
omega2,Within person,P137,4.0,,-0.5368739275962989,0.3392073499713025
omega2,Within person,P137,5.0,,-0.5120091306960483,0.048229795421836585
omega2,Within person,P138,1.0,,-1.8645856780089998,0.42388292159713725
omega2,Within person,P138,2.0,,-1.2324319002794788,1.1272593636437525
omega2,Within person,P138,3.0,,-1.755285882850609,0.9325512960432015
omega2,Within person,P138,4.0,,0.7731517972145221,-0.370742661520238
omega2,Within person,P138,5.0,,1.0771432286730693,-0.4866579255379325
omega2,Within person,P138,6.0,,1.0520052249370522,-0.49589013195815906
omega2,Within person,P138,7.0,,0.9819407892190474,-0.8404050993936901
omega2,Within person,P138,8.0,,0.9680624210953964,-0.28999776287407175
omega2,Within person,P139,1.0,,0.35821673545693244,-0.010713709235024016
omega2,Within person,P139,2.0,,-0.07743665225927732,0.04867371628057504
omega2,Within person,P139,3.0,,0.2487821168563565,0.0077759055814341504
omega2,Within person,P139,4.0,,-0.1484617766783234,0.07503928731845111
omega2,Within person,P139,5.0,,0.248804896700309,0.07503928731845111
omega2,Within person,P139,6.0,,-0.28501338510686947,-0.015679336051257264
omega2,Within person,P139,7.0,,-0.14802150205074727,0.22374842579374588
omega2,Within person,P139,8.0,,-0.1968704329183807,-0.40388357700637534
omega2,Within person,P140,1.0,,0.09520653822525105,-1.2829440704903896
omega2,Within person,P140,2.0,,0.830593973159341,-0.7121635268359099
omega2,Within person,P140,3.0,,-2.731653868130519,-0.16601415322092933
omega2,Within person,P140,4.0,,0.7168769612207118,0.4492045052614476
omega2,Within person,P140,5.0,,0.4176341605477775,0.3908693691056121
omega2,Within person,P140,6.0,,0.01953450284336289,0.7197033012450977
omega2,Within person,P140,7.0,,0.08286182959456673,0.6274516249486835
omega2,Within person,P140,8.0,,0.5689459025395083,-0.026107050013612132
omega2,Within person,P141,1.0,,-1.225137338573735,-1.1213831649092187
omega2,Within person,P141,2.0,,-0.010386346058519735,-0.11566519195280525
omega2,Within person,P141,3.0,,-0.346441713084478,0.4180984538298154
omega2,Within person,P141,4.0,,0.6211352013547343,0.23493037456200344
omega2,Within person,P141,5.0,,0.07301240208833204,0.22109787733247727
omega2,Within person,P141,6.0,,0.28046819187713445,0.3563024471952843
omega2,Within person,P141,7.0,,0.04753241566287114,0.273007618980483
omega2,Within person,P141,8.0,,0.5598171867336609,-0.2663884150380394
omega2,Within person,P142,1.0,,-1.0579233720586112,-0.576171492685813
omega2,Within person,P142,2.0,,-1.5039197735181715,-1.5870325858201457
omega2,Within person,P142,3.0,,0.7448642169633688,0.774281661067416
omega2,Within person,P142,4.0,,0.11761910483849602,0.28981619303297573
omega2,Within person,P142,5.0,,0.5673378078606452,0.1451950367244743
omega2,Within person,P142,6.0,,-0.036930699231819686,0.4521330295224561
omega2,Within person,P142,7.0,,0.468016991115241,0.3493434963652061
omega2,Within person,P142,8.0,,0.7009357240308511,0.15243466179343046
omega2,Within person,P143,1.0,,0.436029116805679,-0.09770412467071549
omega2,Within person,P143,2.0,,0.7240946321765273,-0.23879656869105526
omega2,Within person,P143,3.0,,0.6683884032340331,-0.38037801805950994
omega2,Within person,P143,4.0,,0.38038157314789,-0.43610472848085957
omega2,Within person,P143,5.0,,-0.009834640313196141,0.31817476359395
omega2,Within person,P143,6.0,,-0.43834796917549246,0.18046154618248378
omega2,Within person,P143,7.0,,-0.9018850895361378,0.25040864640523586
omega2,Within person,P143,8.0,,-0.8588260263393029,0.4039384837204706
omega2,Within person,P144,1.0,,0.6036717304316188,0.19474775800063582
omega2,Within person,P144,2.0,,0.6412212033801461,1.1340649672543712
omega2,Within person,P144,3.0,,0.2434125556119397,0.7389884381711593
omega2,Within person,P144,4.0,,0.3194838588931734,0.2593061599383545
omega2,Within person,P144,5.0,,-0.9830617179441172,0.03164429170323757
omega2,Within person,P144,6.0,,-0.8172021388661574,-2.6939631695459583
omega2,Within person,P144,7.0,,0.17188675023343608,0.06341017177116026
omega2,Within person,P144,8.0,,-0.17941224174003934,0.2718013827070389
omega2,Within person,P145,1.0,,-0.9282903483077194,-1.4087466856748705
omega2,Within person,P145,2.0,,0.03435110518476897,-0.21192222712797107
omega2,Within person,P145,3.0,,-0.02465964550653693,0.5020839970648939
omega2,Within person,P145,4.0,,0.09486416372382872,0.1506001666511367
omega2,Within person,P145,5.0,,0.20321437799853032,0.38416484636513665
omega2,Within person,P145,6.0,,0.05151874385432653,-0.22447805715050925
omega2,Within person,P145,7.0,,-0.009900554267698591,0.654899457724142
omega2,Within person,P145,8.0,,0.5789021573205004,0.15339850214804135
omega2,Within person,P146,1.0,,0.007024419640687896,0.5998562531805792
omega2,Within person,P146,2.0,,0.259272158166574,0.4155126486720758
omega2,Within person,P146,3.0,,0.13734447817326578,-1.2699947760772843
omega2,Within person,P146,4.0,,0.5269488179877961,0.5127757134410803
omega2,Within person,P146,5.0,,-0.6295253522426463,0.0440007327083438
omega2,Within person,P146,6.0,,-0.3010645217256773,-0.3021505719247951
omega2,Within person,P147,1.0,,0.0,0.0
omega2,Within person,P148,1.0,,0.4711966778062754,-2.428589144508602
omega2,Within person,P148,2.0,,-0.15018902346954244,0.5635450846935368
omega2,Within person,P148,3.0,,0.20330288853346257,0.14767613661454015
omega2,Within person,P148,4.0,,-0.46088516658186984,0.391611956300546
omega2,Within person,P148,5.0,,-0.024646376245344714,0.8162151579858423
omega2,Within person,P148,6.0,,0.10257098529171238,-0.10123035256989416
omega2,Within person,P148,7.0,,-0.3197615549538657,0.2743541511508941
omega2,Within person,P148,8.0,,0.17841156961917248,0.3364170103331372
omega2,Within person,P149,1.0,,-0.25216057645105927,-0.3388018605663672
omega2,Within person,P149,2.0,,-0.4258867361847884,-0.94973183939367
omega2,Within person,P149,3.0,,-0.06928541769345797,-0.044361000252239546
omega2,Within person,P149,4.0,,0.07205170158068996,0.3450056711190239
omega2,Within person,P149,5.0,,0.05287689226855252,0.23894110643374136
omega2,Within person,P149,6.0,,0.09243643129793966,0.09002758022161839
omega2,Within person,P149,7.0,,0.15720646199594834,0.3772550459714925
omega2,Within person,P149,8.0,,0.3727612431861753,0.28166529646640065
omega2,Within person,P150,1.0,,0.18476043732053804,-0.9448811255730494
omega2,Within person,P150,2.0,,0.3778632795998975,0.4344738916570671
omega2,Within person,P150,3.0,,0.19237064881626786,0.20509711521774662
omega2,Within person,P150,4.0,,0.11384011038123398,0.38497642136787874
omega2,Within person,P150,5.0,,-0.1332269543354423,0.10398374413857342
omega2,Within person,P150,6.0,,-0.08263366065763328,0.46170434714564057
omega2,Within person,P150,7.0,,-0.5419489369451171,-1.3064262109879083
omega2,Within person,P150,8.0,,-0.1110249241797448,0.661071817034051
omega3,Between people,P001,,8.0,0.6837525014046051,0.19672867338339728
omega3,Between people,P002,,8.0,-0.9879099451602147,1.0463532831780649
omega3,Between people,P003,,2.0,-0.6207152877768258,0.8091249152486955
omega3,Between people,P004,,8.0,-0.17668538503513204,0.30212394004525905
omega3,Between people,P005,,1.0,-0.9261029550973376,0.831385669770686
omega3,Between people,P006,,8.0,-0.32575022829386713,-0.246079750340992
omega3,Between people,P007,,8.0,-0.9123913675840153,1.3458383569228285
omega3,Between people,P008,,5.0,-0.3626625014387689,-0.048044572019963594
omega3,Between people,P009,,8.0,0.8043011116140731,0.17271845652576318
omega3,Between people,P010,,8.0,-0.2936681648621918,-0.31070229235652663
omega3,Between people,P011,,8.0,-1.055471388318906,-2.219797543489082
omega3,Between people,P012,,1.0,0.5828461305454778,-1.629335882908634
omega3,Between people,P013,,8.0,-0.4111379198891889,0.9285627021538237
omega3,Between people,P014,,8.0,-0.2638719343135671,1.1546053931665885
omega3,Between people,P015,,1.0,-1.7058310288381493,-3.290151019629674
omega3,Between people,P016,,4.0,-1.1186771549969283,1.1765838835996747
omega3,Between people,P017,,6.0,1.1562870428912986,0.44481667239053563
omega3,Between people,P018,,8.0,0.403281646003062,1.0444141871288004
omega3,Between people,P019,,2.0,-0.5215489946745036,-0.7255672782064551
omega3,Between people,P020,,8.0,-0.474549099132889,-2.0358109501433836
omega3,Between people,P021,,7.0,-0.5029456881180235,1.4260703408766406
omega3,Between people,P022,,4.0,0.4201330162017803,0.7815048865453885
omega3,Between people,P023,,8.0,-0.6271316297858314,-0.158821600114749
omega3,Between people,P024,,8.0,-0.03465399829334293,0.19247329471861907
omega3,Between people,P025,,8.0,0.5649869143039676,0.015332855856354181
omega3,Between people,P026,,2.0,-0.600184135214749,-0.18320622774333636
omega3,Between people,P027,,8.0,-0.1114159144959459,-0.32471989276138535
omega3,Between people,P028,,5.0,0.2872558536681359,0.5444063722122556
omega3,Between people,P029,,8.0,-1.7109950684020299,-2.421030649584761
omega3,Between people,P030,,8.0,-0.46212998382607123,0.060862501177236586
omega3,Between people,P031,,1.0,0.10353541730208214,0.13684359061373141
omega3,Between people,P032,,7.0,0.12711272337970295,0.21988684709977455
omega3,Between people,P033,,5.0,-0.05165157018988307,-0.2226734525672498
omega3,Between people,P034,,8.0,-0.5814666136408383,1.41486376797001
omega3,Between people,P035,,8.0,0.7880390792573477,0.1100859125582489
omega3,Between people,P036,,8.0,0.14711667956847846,0.046114600094206024
omega3,Between people,P037,,8.0,1.3169940581442723,-0.06214990316604049
omega3,Between people,P038,,8.0,-0.684993358697659,-0.7826847603924328
omega3,Between people,P039,,8.0,0.06290427621633998,0.12497919471394019
omega3,Between people,P040,,8.0,-0.36288604121818746,-0.2408031720885602
omega3,Between people,P041,,8.0,0.8111857874396253,-0.053190085575026254
omega3,Between people,P042,,8.0,-1.1584863764220668,-0.5241303202747606
omega3,Between people,P043,,4.0,0.5078664354383308,-0.2900719768265446
omega3,Between people,P044,,3.0,-0.5669076100692494,-1.145198408549181
omega3,Between people,P045,,7.0,0.07291541714431295,-0.8785334174068521
omega3,Between people,P046,,8.0,0.5141021296791606,-0.3368959340916767
omega3,Between people,P047,,8.0,1.130790732861973,-0.37645986485795885
omega3,Between people,P048,,8.0,-0.019329336539742656,-1.4205648110956495
omega3,Between people,P049,,2.0,-0.701091167208,0.6407382653612063
omega3,Between people,P050,,6.0,-0.2402168200648359,-0.22298360460735725
omega3,Between people,P051,,8.0,-0.45864824853152214,0.4484016853326776
omega3,Between people,P052,,8.0,-0.8008751121878249,-0.2516111703371333
omega3,Between people,P053,,8.0,0.5247591227165149,-0.057442168632504176
omega3,Between people,P054,,8.0,0.034157089779491764,0.3114738790637657
omega3,Between people,P055,,3.0,-0.3197060841954795,-0.5033111285575441
omega3,Between people,P056,,8.0,1.3908809548015908,-0.014757580912059864
omega3,Between people,P057,,1.0,-1.6938836709196925,-3.880464380115928
omega3,Between people,P058,,8.0,0.4146813962885845,0.3834039139451758
omega3,Between people,P059,,8.0,-0.22982300288577115,-0.5727219364708377
omega3,Between people,P060,,8.0,-0.5684686237477286,-2.3274260652262875
omega3,Between people,P061,,1.0,0.37997826060173395,-0.8837626498957591
omega3,Between people,P062,,8.0,0.767541601114977,-0.17941087759680305
omega3,Between people,P063,,8.0,-0.19948303753663016,1.5526025489778212
omega3,Between people,P064,,5.0,-0.6113062476446828,-0.26767305760762505
omega3,Between people,P065,,8.0,0.5254827235559086,0.1773715293257609
omega3,Between people,P066,,8.0,0.7284342532722103,0.5300848132198493
omega3,Between people,P067,,2.0,0.8091917790319929,-0.5589073077894845
omega3,Between people,P068,,8.0,0.728107831451598,0.4294007460293583
omega3,Between people,P069,,7.0,-1.704192231739963,1.118356448348721
omega3,Between people,P070,,8.0,-0.23738572864565616,-1.759021885565152
omega3,Between people,P071,,8.0,1.0344490210466846,0.4452009732611281
omega3,Between people,P072,,8.0,-0.005438424794246777,-0.4364875730072514
omega3,Between people,P073,,8.0,0.856486338819758,-0.11446475946728266
omega3,Between people,P074,,8.0,-0.43161258557643606,-0.275858989575545
omega3,Between people,P075,,2.0,0.09501914518028126,-0.9056128072023436
omega3,Between people,P076,,8.0,-0.3180673276201694,-0.23666716153408687
omega3,Between people,P077,,8.0,-0.027537937092764288,0.08537131700835356
omega3,Between people,P078,,4.0,0.6408653618262555,0.3056530212378469
omega3,Between people,P079,,8.0,-0.7267820077656358,-0.04503511115887661
omega3,Between people,P080,,8.0,-0.2350397583878544,0.6566002775666209
omega3,Between people,P081,,8.0,-0.18363190954593434,-0.2114563431573928
omega3,Between people,P082,,8.0,0.016025301503763453,-0.19083425808450383
omega3,Between people,P083,,1.0,-0.4512042224942809,-1.26969072968514
omega3,Between people,P084,,3.0,-0.5898702861062898,-0.7928929256069646
omega3,Between people,P085,,8.0,0.18143929611919937,-0.34402647244820694
omega3,Between people,P086,,8.0,0.6517613521553424,0.18718508070016304
omega3,Between people,P087,,8.0,-0.6314564605246719,0.03679968298382682
omega3,Between people,P088,,8.0,0.8986593828672006,0.06543033077158006
omega3,Between people,P089,,8.0,0.7096670349181324,0.283145609354201
omega3,Between people,P090,,6.0,-0.4697970244647444,0.4160804753914844
omega3,Between people,P091,,8.0,-0.9275240728797626,0.865613827208998
omega3,Between people,P092,,8.0,0.6905721995676126,1.1303158252926224
omega3,Between people,P093,,8.0,0.48168640808252405,0.16975634957752056
omega3,Between people,P094,,8.0,-0.16343388110711307,-0.4130383886999375
omega3,Between people,P095,,8.0,0.6221603399976487,0.5623885249410295
omega3,Between people,P096,,4.0,-0.020396144590124704,0.13736401231783557
omega3,Between people,P097,,8.0,-0.3356834301701397,-0.41577876452732176
omega3,Between people,P098,,8.0,-0.10966592907697739,-0.023856341295157485
omega3,Between people,P099,,8.0,0.43023626995168257,0.24897359107300027
omega3,Between people,P100,,8.0,-0.5380836996934837,0.3032453635915925
omega3,Between people,P101,,8.0,-0.0035929592155153345,0.2650354540354783
omega3,Between people,P102,,2.0,0.6904148520232164,-0.10454837731643135
omega3,Between people,P103,,8.0,0.42971728790499775,-0.006517397879705233
omega3,Between people,P104,,8.0,-1.1669780014890918,0.8771557900496061
omega3,Between people,P105,,8.0,-0.6651018026900535,-2.3031075966550643
omega3,Between people,P106,,8.0,0.19977015739430176,0.16449166094189402
omega3,Between people,P107,,8.0,-0.18652199556456722,1.1176595130681464
omega3,Between people,P108,,8.0,0.24385372597779623,1.0017253572332026
omega3,Between people,P109,,8.0,0.9770017539793004,0.4379387100067781
omega3,Between people,P110,,8.0,0.15096084805083457,-0.034151915921197956
omega3,Between people,P111,,8.0,-0.2816657686372237,-0.05074446376562336
omega3,Between people,P112,,3.0,-0.14761725485177105,0.6500938566058361
omega3,Between people,P113,,2.0,1.4857049454439464,0.12262670521457991
omega3,Between people,P114,,1.0,-0.28049646704910364,0.3041979634430492
omega3,Between people,P115,,8.0,0.877386450654369,0.19012374354635206
omega3,Between people,P116,,3.0,-0.6202995366785826,-0.13916275397724917
omega3,Between people,P117,,8.0,-0.6897374956889394,-1.4103053502519378
omega3,Between people,P118,,8.0,-0.5434173810123187,-0.20771744292744102
omega3,Between people,P119,,8.0,-0.7706396469153178,-1.6956671833501302
omega3,Between people,P120,,8.0,0.32138292747286223,0.4923979440424313
omega3,Between people,P121,,8.0,1.001803746931511,0.039027960537236256
omega3,Between people,P122,,1.0,-0.28283250302189117,0.21133481875734267
omega3,Between people,P123,,8.0,0.15236984451276087,0.728144912597553
omega3,Between people,P124,,8.0,-0.11688973612339443,-0.9757781106675683
omega3,Between people,P125,,8.0,0.10230641888400091,0.396054072990217
omega3,Between people,P126,,8.0,-1.0836310532894384,1.284116731906714
omega3,Between people,P127,,8.0,1.124300497229445,0.19304439386691208
omega3,Between people,P128,,8.0,0.2229541480264218,-0.1648755516169768
omega3,Between people,P129,,8.0,-0.3240376635100132,0.8829494077309952
omega3,Between people,P130,,8.0,-0.505083690989943,-0.32573308527625955
omega3,Between people,P131,,8.0,0.5243710167018365,0.10321749459865327
omega3,Between people,P132,,2.0,-0.5421567576586209,-0.49001719649917325
omega3,Between people,P133,,8.0,-0.5755011486233722,0.09025260774783363
omega3,Between people,P134,,8.0,0.5283524603669777,-0.08751356660776945
omega3,Between people,P135,,8.0,0.5574552860937061,0.42794095360154727
omega3,Between people,P136,,4.0,0.2587283537967936,-0.5477548334020065
omega3,Between people,P137,,5.0,0.23853094395892271,0.4422316077392467
omega3,Between people,P138,,8.0,-0.2018188099748903,0.7109918341540421
omega3,Between people,P139,,8.0,0.7373494163571689,1.0760693763362605
omega3,Between people,P140,,8.0,-0.041000371964598284,-0.3702048629142732
omega3,Between people,P141,,8.0,-0.3519027919606903,0.06325650610752964
omega3,Between people,P142,,8.0,-0.5894753903667107,-0.4606292914900256
omega3,Between people,P143,,8.0,0.8347547207212807,0.3633455866461546
omega3,Between people,P144,,8.0,0.1402144467652905,-0.8708125111890257
omega3,Between people,P145,,8.0,0.46421219153951476,-0.2396690693325025
omega3,Between people,P146,,6.0,-0.477280618819363,-0.12887826826884544
omega3,Between people,P147,,1.0,-1.6980934484740775,-2.825479289024734
omega3,Between people,P148,,8.0,-0.7760365475208019,0.49480800034081307
omega3,Between people,P149,,8.0,1.4500050064924142,-0.09498291999362202
omega3,Between people,P150,,8.0,0.013546895717092652,-0.2303919327534803
omega3,Within person,P001,1.0,,1.044962767924514,-1.1680162584493894
omega3,Within person,P001,2.0,,-0.033949750691797176,0.025478128699323643
omega3,Within person,P001,3.0,,0.5953455696764474,-0.7189362715165769
omega3,Within person,P001,4.0,,1.8804873327326925,0.6191302845075375
omega3,Within person,P001,5.0,,-0.5940836617702071,0.5942459526870207
omega3,Within person,P001,6.0,,-0.8193891814720463,0.31721492233764736
omega3,Within person,P001,7.0,,-1.3798963208287807,0.39708568158532576
omega3,Within person,P001,8.0,,-0.6934767555708223,-0.06620243985088875
omega3,Within person,P002,1.0,,0.9840631023592683,-0.5169204096463198
omega3,Within person,P002,2.0,,0.8611538443024324,0.18075957348238014
omega3,Within person,P002,3.0,,-0.5628272802199479,-0.23873224471014154
omega3,Within person,P002,4.0,,-0.33787535761348964,-0.6343141847338748
omega3,Within person,P002,5.0,,-0.47134152168547483,-0.06936178791110437
omega3,Within person,P002,6.0,,-0.052117661897141954,0.5661595177582939
omega3,Within person,P002,7.0,,-0.04305644537828446,0.17399000050865654
omega3,Within person,P002,8.0,,-0.37799867986736246,0.5384195352521104
omega3,Within person,P003,1.0,,-0.34043102386347035,-0.12815241298206403
omega3,Within person,P003,2.0,,0.3404310238634703,0.12815241298206392
omega3,Within person,P004,1.0,,-0.01553281536360615,0.30008950655849603
omega3,Within person,P004,2.0,,-0.7197785444355631,0.42658396699459683
omega3,Within person,P004,3.0,,0.9245935938265795,-0.7675093307730567
omega3,Within person,P004,4.0,,-0.5607914660133777,0.04920060542365823
omega3,Within person,P004,5.0,,-0.29105852174354124,0.6468799987699083
omega3,Within person,P004,6.0,,-1.2278580254225588,-0.0884865228183499
omega3,Within person,P004,7.0,,2.9753493162264153,-0.24091444553553393
omega3,Within person,P004,8.0,,-1.0849235370743477,-0.32584377861971897
omega3,Within person,P005,1.0,,0.0,0.0
omega3,Within person,P006,1.0,,0.12868994115775198,0.24870371524777118
omega3,Within person,P006,2.0,,0.34783166749022143,-0.815668882031721
omega3,Within person,P006,3.0,,-0.7342215855783953,-0.7629577151087812
omega3,Within person,P006,4.0,,0.12252347029026286,0.5399579084093853
omega3,Within person,P006,5.0,,-0.5535983154963864,0.12578577963037804
omega3,Within person,P006,6.0,,-0.5047371163154322,-0.03646011876112232
omega3,Within person,P006,7.0,,0.739870195411374,0.1708591773072636
omega3,Within person,P006,8.0,,0.45364174304060384,0.5297801353068265
omega3,Within person,P007,1.0,,-0.6930754115021437,-0.6015979269016826
omega3,Within person,P007,2.0,,-0.30355841489933744,-0.5431798790574882
omega3,Within person,P007,3.0,,1.6382414518337407,-0.3756567940552651
omega3,Within person,P007,4.0,,0.6246189058871011,0.36808552949690854
omega3,Within person,P007,5.0,,-1.0448707610959405,0.1445788713205456
omega3,Within person,P007,6.0,,-0.3391179999255741,0.33324010876059895
omega3,Within person,P007,7.0,,-0.5189122344393357,0.20805699954322532
omega3,Within person,P007,8.0,,0.6366744641414893,0.4664730908931576
omega3,Within person,P008,1.0,,-0.89504726585979,-0.6402447141395976
omega3,Within person,P008,3.0,,0.3622193621987406,-0.2561201298967546
omega3,Within person,P008,4.0,,-0.13428655203125,-0.19486217425543245
omega3,Within person,P008,5.0,,1.2112410378247445,0.48381920150413593
omega3,Within person,P008,6.0,,-0.5441265821324449,0.6074078167876488
omega3,Within person,P009,1.0,,0.29346780351715307,-1.0008900437746189
omega3,Within person,P009,2.0,,-0.00976044952646804,0.4643883779365155
omega3,Within person,P009,3.0,,-0.36732959942194976,0.3022240699106465
omega3,Within person,P009,4.0,,-0.6764660157588154,-0.05775854894482646
omega3,Within person,P009,5.0,,-0.13376732461062524,-0.22908863616175548
omega3,Within person,P009,6.0,,-0.1314613369619021,-0.14081302102410714
omega3,Within person,P009,7.0,,0.8114434963065277,0.32912059638456376
omega3,Within person,P009,8.0,,0.2138734264560801,0.33281720567358214
omega3,Within person,P010,1.0,,0.707303483268273,0.28376616659046905
omega3,Within person,P010,2.0,,-0.3340252097656603,-2.005531562454225
omega3,Within person,P010,3.0,,-1.3039545906321042,-0.7169570262748197
omega3,Within person,P010,4.0,,-0.39518604422771453,0.09412224302728708
omega3,Within person,P010,5.0,,0.5528801420737237,0.22232587203167237
omega3,Within person,P010,6.0,,-0.7970155729811127,0.8101285633125883
omega3,Within person,P010,7.0,,0.008030148377675406,0.6366620964058776
omega3,Within person,P010,8.0,,1.5619676438869194,0.6754836473611503
omega3,Within person,P011,1.0,,0.5170877839563723,-0.0035015888126674888
omega3,Within person,P011,2.0,,-0.5142070546019768,-0.8470387518616538
omega3,Within person,P011,3.0,,-0.5361387751167188,-0.7656287348276738
omega3,Within person,P011,4.0,,0.7705455457659715,0.6529100738850291
omega3,Within person,P011,5.0,,-0.5175010441277428,1.032128892073317
omega3,Within person,P011,6.0,,1.4043218164384679,0.3189920759995153
omega3,Within person,P011,7.0,,-0.5673409778982152,0.19199313712740196
omega3,Within person,P011,8.0,,-0.5567672944161572,-0.5798551035832697
omega3,Within person,P012,1.0,,0.0,0.0
omega3,Within person,P013,1.0,,-0.9569268745968904,-1.5441202013540454
omega3,Within person,P013,2.0,,-0.6014815144347849,0.10953075701490234
omega3,Within person,P013,3.0,,0.2934491423250939,-0.23555946795785987
omega3,Within person,P013,4.0,,-0.05703652909417056,-0.10561424272103359
omega3,Within person,P013,5.0,,0.21217002436998064,0.3118941861625556
omega3,Within person,P013,6.0,,-0.8840967376070084,0.677354513608544
omega3,Within person,P013,7.0,,1.1826719537263077,0.7068300073757802
omega3,Within person,P013,8.0,,0.8112505353114718,0.0796844478711568
omega3,Within person,P014,1.0,,0.05680105853779835,-0.0016103890031535784
omega3,Within person,P014,2.0,,1.4204090578956845,-0.5335351903972166
omega3,Within person,P014,3.0,,-0.2917528119336899,-0.012276898643567735
omega3,Within person,P014,4.0,,0.8105927531314574,-0.7972543818593285
omega3,Within person,P014,5.0,,-0.13612639172623764,0.2523832475008656
omega3,Within person,P014,6.0,,-0.9603665874649012,0.6491104207465024
omega3,Within person,P014,7.0,,-0.3032218256852986,0.2688093743317539
omega3,Within person,P014,8.0,,-0.5963352527548127,0.1743738173241447
omega3,Within person,P015,1.0,,0.0,0.0
omega3,Within person,P016,1.0,,0.49941080128581217,0.33394082102766665
omega3,Within person,P016,2.0,,-0.535496791063037,0.3802523380707352
omega3,Within person,P016,3.0,,-0.03836670029704092,-1.2593586149878189
omega3,Within person,P016,4.0,,0.07445269007426547,0.5451654558894166
omega3,Within person,P017,1.0,,-0.12137445621230691,-0.7424427911544578
omega3,Within person,P017,2.0,,0.48127228952537116,0.1918169062355058
omega3,Within person,P017,3.0,,0.1656702603649427,0.05997278776832421
omega3,Within person,P017,4.0,,-1.116548110852669,0.055842672241204705
omega3,Within person,P017,5.0,,0.48127228952537116,0.1918169062355058
omega3,Within person,P017,6.0,,0.10970772764929038,0.24299351867391733
omega3,Within person,P018,1.0,,0.8485240566737773,-0.5844042628535508
omega3,Within person,P018,2.0,,-0.1849797267072824,-0.8460820663159867
omega3,Within person,P018,3.0,,-0.17402952765872612,-0.10321542305593845
omega3,Within person,P018,4.0,,-1.9660074364034197,0.8604095011311104
omega3,Within person,P018,5.0,,-1.8971041622731777,0.255403615001206
omega3,Within person,P018,6.0,,0.592323121975662,0.6910680375948961
omega3,Within person,P018,7.0,,1.2715768313188167,0.029929557868293877
omega3,Within person,P018,8.0,,1.5096968430743503,-0.3031089593700297
omega3,Within person,P019,1.0,,-0.5403692284839958,0.05230717091700232
omega3,Within person,P019,2.0,,0.5403692284839958,-0.05230717091700221
omega3,Within person,P020,1.0,,-1.0522406274396223,0.5270089304518522
omega3,Within person,P020,2.0,,-1.0511841591973186,-1.0097871025558907
omega3,Within person,P020,3.0,,-0.05823574636750983,-0.3632780295560738
omega3,Within person,P020,4.0,,-0.007588385909208295,0.5096504720753616
omega3,Within person,P020,5.0,,1.4890591235199215,-0.10534451121187871
omega3,Within person,P020,6.0,,1.272703640777249,-0.9958153905916447
omega3,Within person,P020,7.0,,-0.611708488374774,-0.14118247326221622
omega3,Within person,P020,8.0,,0.01919464299126289,1.578748104650491
omega3,Within person,P021,1.0,,-1.0074977577700426,0.33545883255571796
omega3,Within person,P021,2.0,,-0.7657621245626712,0.18999978815742913
omega3,Within person,P021,3.0,,1.386920360440498,-0.5287011833520557
omega3,Within person,P021,4.0,,0.5434330987821947,-0.5462835117298727
omega3,Within person,P021,5.0,,-0.6596779008419268,-0.06488083671207012
omega3,Within person,P021,6.0,,0.6008315679075587,0.3622514890745667
omega3,Within person,P021,7.0,,-0.0982472439556108,0.25215542200628605
omega3,Within person,P022,1.0,,0.40736850346896064,0.007238350857463383
omega3,Within person,P022,2.0,,0.4467146590741185,0.35391154423886995
omega3,Within person,P022,3.0,,-0.21820540257786325,-0.18696890086747198
omega3,Within person,P022,4.0,,-0.6358777599652158,-0.17418099422886113
omega3,Within person,P023,1.0,,0.8747870547774127,-0.8371980375162775
omega3,Within person,P023,2.0,,-0.027310191927294003,0.2794219253893918
omega3,Within person,P023,3.0,,-0.7481656728232058,0.3710258071420564
omega3,Within person,P023,4.0,,-0.5406253341266372,0.6959664519232938
omega3,Within person,P023,5.0,,-0.02175267693178573,0.4205511657142699
omega3,Within person,P023,6.0,,-0.43157145692716825,-0.7097062793579787
omega3,Within person,P023,7.0,,-0.07474730947359032,-0.42568804173991437
omega3,Within person,P023,8.0,,0.9693855874322688,0.20562700844515877
omega3,Within person,P024,1.0,,0.25978025050517783,-0.9925628739265041
omega3,Within person,P024,2.0,,-1.6600299491771557,0.18786510349243346
omega3,Within person,P024,3.0,,-0.2036996118515321,0.3142145410255889
omega3,Within person,P024,4.0,,-0.5633397292092545,-0.07707403989654957
omega3,Within person,P024,5.0,,0.6161324660956419,0.3086106201587513
omega3,Within person,P024,6.0,,0.07632247594397507,0.03500110843625731
omega3,Within person,P024,7.0,,1.151431327040249,0.1411089496876634
omega3,Within person,P024,8.0,,0.3234027706528985,0.08283659102235946
omega3,Within person,P025,1.0,,-1.5209929493346617,-0.2093507976618541
omega3,Within person,P025,2.0,,-0.6590970678687823,0.10205286504028097
omega3,Within person,P025,3.0,,-0.7198915135896111,-0.1739528199727952
omega3,Within person,P025,4.0,,0.48764664803847557,-0.14763784228003504
omega3,Within person,P025,5.0,,0.7161281635243868,0.10166508220499432
omega3,Within person,P025,6.0,,0.8898878788926061,0.12761958180122002
omega3,Within person,P025,7.0,,0.5765056579456953,0.16802377803817972
omega3,Within person,P025,8.0,,0.22981318239189152,0.03158015283000927
omega3,Within person,P026,1.0,,-0.9647420490022516,0.1933320404636253
omega3,Within person,P026,2.0,,0.9647420490022516,-0.19333204046362532
omega3,Within person,P027,1.0,,0.6290682974959243,0.724025966270547
omega3,Within person,P027,2.0,,0.7892114858837482,-2.0116564880806385
omega3,Within person,P027,3.0,,-0.6949511059015275,0.20286444319718905
omega3,Within person,P027,4.0,,0.6658297077255751,0.1659548718656797
omega3,Within person,P027,5.0,,-0.6428104203096201,0.13977504575806174
omega3,Within person,P027,6.0,,-1.2100227565936486,0.02424638120865147
omega3,Within person,P027,7.0,,-0.41935071228357046,0.3359941888246074
omega3,Within person,P027,8.0,,0.883025503983119,0.4187955909559019
omega3,Within person,P028,1.0,,-1.84220789085696,0.17667331901777827
omega3,Within person,P028,2.0,,1.4111504221952718,-0.3213959664416056
omega3,Within person,P028,3.0,,0.4919444024191151,0.13711397802784897
omega3,Within person,P028,4.0,,-0.5543305627087016,0.024056699402499993
omega3,Within person,P028,5.0,,0.4934436289512747,-0.01644803000652173
omega3,Within person,P029,1.0,,0.004992952251524629,0.20421499208343663
omega3,Within person,P029,2.0,,0.0014431272733570477,-1.4972998087861833
omega3,Within person,P029,3.0,,-0.0018360079695187714,-0.015823405132462387
omega3,Within person,P029,4.0,,0.0010254730638801224,-0.6234841743070998
omega3,Within person,P029,5.0,,0.0035672757813396405,1.2221980245573438
omega3,Within person,P029,6.0,,-0.002566795076947015,0.049663058721025166
omega3,Within person,P029,7.0,,-0.0017874833871254214,-0.05922040490875924
omega3,Within person,P029,8.0,,-0.004838541936510898,0.7197517177726995
omega3,Within person,P030,1.0,,-0.2974893342226737,0.2157567315795666
omega3,Within person,P030,2.0,,0.7240803418130078,0.07335766534879391
omega3,Within person,P030,3.0,,1.5299288828387134,0.5781704152754754
omega3,Within person,P030,4.0,,-0.2581177550629305,-0.004240968317940463
omega3,Within person,P030,5.0,,-1.159754292069936,0.07711875804096176
omega3,Within person,P030,6.0,,-0.6336014350846311,-0.6951467175340654
omega3,Within person,P030,7.0,,-0.41229296495094486,0.3168954252352243
omega3,Within person,P030,8.0,,0.507246556739395,-0.561911309628016
omega3,Within person,P031,1.0,,0.0,0.0
omega3,Within person,P032,1.0,,-1.1048220738831578,-0.12497290346277126
omega3,Within person,P032,2.0,,-0.13313552148817967,0.0393782688765312
omega3,Within person,P032,4.0,,0.3376080699887345,0.04053497392117858
omega3,Within person,P032,5.0,,0.01729687564529142,-0.08297576733244236
omega3,Within person,P032,6.0,,-0.14508126682254224,-0.039110099528089554
omega3,Within person,P032,7.0,,0.514066958279927,0.08357276376279668
omega3,Within person,P032,8.0,,0.514066958279927,0.08357276376279668
omega3,Within person,P033,1.0,,0.8837530886785567,-1.4036780317554431
omega3,Within person,P033,2.0,,-0.08942147315418691,1.1790961280693772
omega3,Within person,P033,3.0,,-0.07481119249326038,-0.0828638869933111
omega3,Within person,P033,4.0,,0.645294284668096,0.39350916507747224
omega3,Within person,P033,5.0,,-1.3648147076992054,-0.0860633743980953
omega3,Within person,P034,1.0,,1.0435355403563413,0.08304150996625714
omega3,Within person,P034,2.0,,-0.9087013154661728,0.08433164885026256
omega3,Within person,P034,3.0,,0.37671750652543545,0.3530732055901955
omega3,Within person,P034,4.0,,-0.9780024326017679,0.16990905046016525
omega3,Within person,P034,5.0,,-0.8754839302365197,-0.020378141451515397
omega3,Within person,P034,6.0,,0.9739447247701136,-1.0196412573136004
omega3,Within person,P034,7.0,,0.7048969132221596,-0.04043720069849166
omega3,Within person,P034,8.0,,-0.33690700656958994,0.3901011845967264
omega3,Within person,P035,1.0,,0.4152737577156125,0.18409466864224627
omega3,Within person,P035,2.0,,0.1870950556036508,-0.21550302751359063
omega3,Within person,P035,3.0,,0.8878840737513543,0.15752806825267246
omega3,Within person,P035,4.0,,-0.541769150515595,-0.10055886061756457
omega3,Within person,P035,5.0,,0.12809465786272622,0.043000061993582694
omega3,Within person,P035,6.0,,0.11796281861931968,-0.041690849106793285
omega3,Within person,P035,7.0,,0.3985546810572267,-0.04843352697048617
omega3,Within person,P035,8.0,,-1.5930958940942954,0.02156346531993325
omega3,Within person,P036,1.0,,-0.4271520363093671,-0.13665292750418384
omega3,Within person,P036,2.0,,-1.1227437580402182,-0.5737835941047168
omega3,Within person,P036,3.0,,1.076847578694226,-0.192148720875724
omega3,Within person,P036,4.0,,-0.5298220543885023,0.07590035220141683
omega3,Within person,P036,5.0,,0.17257782751053097,0.2893842706461039
omega3,Within person,P036,6.0,,0.9403413601844441,0.5048878015606765
omega3,Within person,P036,7.0,,0.1664207215476855,-0.23577800430841245
omega3,Within person,P036,8.0,,-0.2764696391987989,0.2681908223848399
omega3,Within person,P037,1.0,,-0.12875157638478907,-1.479398258884854
omega3,Within person,P037,2.0,,-0.5154731470498444,0.2098967029826173
omega3,Within person,P037,3.0,,0.5215155902967099,0.07750046614081203
omega3,Within person,P037,4.0,,-0.7763102103096907,0.08233775062816945
omega3,Within person,P037,5.0,,0.12016129971092138,0.01822359095562233
omega3,Within person,P037,6.0,,0.22065650599734776,0.5381807759623806
omega3,Within person,P037,7.0,,0.11692288221643343,-0.10144486503697478
omega3,Within person,P037,8.0,,0.4412786555229118,0.654703837252227
omega3,Within person,P038,1.0,,-0.7458980594781389,0.3324507955878527
omega3,Within person,P038,2.0,,1.0158101207022407,0.6560306452400143
omega3,Within person,P038,3.0,,-1.0217688943514487,0.6923132981497447
omega3,Within person,P038,4.0,,-0.274354895054328,-0.4211898960400319
omega3,Within person,P038,5.0,,-0.7352411174679151,-0.22445790868610083
omega3,Within person,P038,6.0,,0.5173904317298519,0.7745094012552917
omega3,Within person,P038,7.0,,-0.21216650856900554,-1.7169745519127981
omega3,Within person,P038,8.0,,1.4562289224887437,-0.09268178359397228
omega3,Within person,P039,1.0,,0.9045677350457667,-1.2689317404392209
omega3,Within person,P039,2.0,,-1.587368172242134,0.4430070979925836
omega3,Within person,P039,3.0,,0.2440413476549369,0.49033796954001857
omega3,Within person,P039,4.0,,0.20488031594318418,-0.06791600467687028
omega3,Within person,P039,5.0,,0.39806240109583446,-0.07658917645172349
omega3,Within person,P039,6.0,,1.4167850725900797,-0.2547824603981494
omega3,Within person,P039,7.0,,-0.8050835910960376,0.45548879310639206
omega3,Within person,P039,8.0,,-0.7758851089916302,0.27938552132696964
omega3,Within person,P040,1.0,,0.16708162113673178,-1.4162708029009135
omega3,Within person,P040,2.0,,-1.2565770702385488,0.253113163749851
omega3,Within person,P040,3.0,,0.04268513331132673,0.1894250132853781
omega3,Within person,P040,4.0,,-1.0209304176548009,0.21769735665053155
omega3,Within person,P040,5.0,,-0.9983116539117051,0.16557999221363778
omega3,Within person,P040,6.0,,0.11299521338168453,0.7106141866294484
omega3,Within person,P040,7.0,,1.068328755849785,-0.458809584246215
omega3,Within person,P040,8.0,,1.8847284181255266,0.33865067461828163
omega3,Within person,P041,1.0,,-0.9120202252478726,-0.992018217785684
omega3,Within person,P041,2.0,,0.21149669904081625,0.2480729505202777
omega3,Within person,P041,3.0,,0.19769489350093128,0.4027339130660886
omega3,Within person,P041,4.0,,1.078062184133692,-0.029267100092596886
omega3,Within person,P041,5.0,,0.7695957838105769,-0.20179893399367238
omega3,Within person,P041,6.0,,-0.3511635050429362,0.25731236638862715
omega3,Within person,P041,7.0,,-1.5457347600652953,-0.01911684441887574
omega3,Within person,P041,8.0,,0.5520689298700876,0.33408186631583553
omega3,Within person,P042,1.0,,0.4992584025807133,-0.2836556300513968
omega3,Within person,P042,2.0,,-0.33113103016680645,1.0023938326641866
omega3,Within person,P042,3.0,,0.018970981887710625,0.18832048519114425
omega3,Within person,P042,4.0,,-0.5709643174412227,0.36562765487042975
omega3,Within person,P042,5.0,,-0.011219834011861662,-0.45222149431475067
omega3,Within person,P042,6.0,,-0.4073355310684701,1.4743278858165256
omega3,Within person,P042,7.0,,0.023852779776171396,-3.7139732699348813
omega3,Within person,P042,8.0,,0.7785685484437654,1.4191805357587421
omega3,Within person,P043,1.0,,0.6061496688595854,-0.9199523286077064
omega3,Within person,P043,2.0,,0.7964673064326254,0.4335010751190299
omega3,Within person,P043,3.0,,-0.9207149230806384,0.10705774064126086
omega3,Within person,P043,4.0,,-0.4819020522115724,0.3793935128474156
omega3,Within person,P044,1.0,,0.16065246661675087,0.5075334420161834
omega3,Within person,P044,2.0,,0.423042966871389,0.6891982734525701
omega3,Within person,P044,3.0,,-0.5836954334881399,-1.196731715468754
omega3,Within person,P045,1.0,,-1.756862986357117,-3.15413750765836
omega3,Within person,P045,2.0,,-0.36816787044802135,-0.8967575298512446
omega3,Within person,P045,3.0,,1.0009091622274662,-0.8020296918011184
omega3,Within person,P045,4.0,,-0.0690653136577591,1.2866379900350442
omega3,Within person,P045,5.0,,0.681283707860451,1.214492813783468
omega3,Within person,P045,6.0,,0.5181500748153249,1.3502084264570902
omega3,Within person,P045,7.0,,-0.006246774440344535,1.0015854990351207
omega3,Within person,P046,1.0,,-0.24527595778960204,0.3008493501640249
omega3,Within person,P046,2.0,,-0.04924908666640038,0.43914451610244765
omega3,Within person,P046,3.0,,-1.2816208240294675,-1.4929785703703466
omega3,Within person,P046,4.0,,0.506217780381937,-0.05461160602679349
omega3,Within person,P046,5.0,,-0.787212825925317,0.1434781960347096
omega3,Within person,P046,6.0,,0.9876714480078896,0.33443888217121714
omega3,Within person,P046,7.0,,0.6250615934996269,-0.05038792085523158
omega3,Within person,P046,8.0,,0.244407872521333,0.3800671527799725
omega3,Within person,P047,1.0,,0.1267619139990508,-0.2911990212778402
omega3,Within person,P047,2.0,,-0.34232785458767423,-0.5322303685697687
omega3,Within person,P047,3.0,,-0.6170566718576058,0.39731438487282444
omega3,Within person,P047,4.0,,-0.06790517094149062,-0.06271286466120157
omega3,Within person,P047,5.0,,0.7278155623010447,0.7687669112435547
omega3,Within person,P047,6.0,,0.08858072489450386,-0.818339066116222
omega3,Within person,P047,7.0,,0.5126379175733795,0.6143665687069612
omega3,Within person,P047,8.0,,-0.4285064213812082,-0.07596654419830778
omega3,Within person,P048,1.0,,-1.6109155679545784,-1.2679389947861965
omega3,Within person,P048,2.0,,-0.3679446272055037,-0.0056899714079527985
omega3,Within person,P048,3.0,,-0.5789048067137292,0.5801350419352301
omega3,Within person,P048,4.0,,0.7872820074627497,1.215373415884212
omega3,Within person,P048,5.0,,0.7434520427662853,-0.22201188281051332
omega3,Within person,P048,6.0,,0.06152834294769911,0.05744030489711016
omega3,Within person,P048,7.0,,0.342346189015936,-0.5030929901963543
omega3,Within person,P048,8.0,,0.6231564196811413,0.14578507648446548
omega3,Within person,P049,1.0,,0.24294558408512062,0.3199148715056135
omega3,Within person,P049,2.0,,-0.24294558408512068,-0.31991487150561354
omega3,Within person,P050,1.0,,-1.173289341664824,-0.5837093657589015
omega3,Within person,P050,2.0,,-0.0686390579734994,-0.2788345458961914
omega3,Within person,P050,3.0,,1.099668983109971,0.27732236315078773
omega3,Within person,P050,4.0,,-0.7097676852359078,0.11841997192942923
omega3,Within person,P050,5.0,,0.15765475772449442,-0.0012949772320229036
omega3,Within person,P050,6.0,,0.6943723440397658,0.46809655380689874
omega3,Within person,P051,1.0,,0.45279062746256354,-0.016935421932451677
omega3,Within person,P051,2.0,,0.17494297873985626,0.2574432124048616
omega3,Within person,P051,3.0,,-1.2489743599679528,0.14512607377189807
omega3,Within person,P051,4.0,,0.7207092548888919,-0.2200733917658488
omega3,Within person,P051,5.0,,-0.1759314357408695,0.23028793614942605
omega3,Within person,P051,6.0,,1.7278939505741444,-0.17524812677225732
omega3,Within person,P051,7.0,,-0.2919279641433144,0.005955757318317045
omega3,Within person,P051,8.0,,-1.3595030518133193,-0.2265560391739449
omega3,Within person,P052,1.0,,-0.7123881436336487,0.484104327977694
omega3,Within person,P052,2.0,,0.5100962093036516,1.0631959861552658
omega3,Within person,P052,3.0,,0.34061011435335403,0.09403399495359444
omega3,Within person,P052,4.0,,0.7486877282244434,1.0262354588103668
omega3,Within person,P052,5.0,,-0.7027227988530557,0.2658841794666533
omega3,Within person,P052,6.0,,-0.3783050069821853,-1.0668596090852054
omega3,Within person,P052,7.0,,1.0075815972242037,-0.9513020299617452
omega3,Within person,P052,8.0,,-0.8135596996367632,-0.915292308316624
omega3,Within person,P053,1.0,,-0.36086207117936675,-0.1169954623635551
omega3,Within person,P053,2.0,,1.2066388957722554,0.13338684822193067
omega3,Within person,P053,3.0,,1.7161614227378321,0.09141929642449288
omega3,Within person,P053,4.0,,-2.149989149298664,0.09104880852948921
omega3,Within person,P053,5.0,,-0.7416915765015181,-0.19654473779553006
omega3,Within person,P053,6.0,,0.41080892009935044,0.15779221360201412
omega3,Within person,P053,7.0,,-0.01262514447673202,-0.1539713111186986
omega3,Within person,P053,8.0,,-0.06844129715315739,-0.006135655500143111
omega3,Within person,P054,1.0,,-0.06106101747161945,-0.4064331732903334
omega3,Within person,P054,2.0,,-1.2038612388441294,0.5889342947355809
omega3,Within person,P054,3.0,,1.1317914523695325,-0.01729329786327055
omega3,Within person,P054,4.0,,0.9057304395548913,0.27148796349891197
omega3,Within person,P054,5.0,,0.5707224593023347,0.03218240952563661
omega3,Within person,P054,6.0,,-1.551287269014071,0.1984548919874189
omega3,Within person,P054,7.0,,-0.13989500915415082,-0.3128540465250665
omega3,Within person,P054,8.0,,0.3478601832572123,-0.3544790420688782
omega3,Within person,P055,1.0,,-1.0145460064272553,-0.4744170720462897
omega3,Within person,P055,2.0,,1.8346501230008192,0.40770994651820947
omega3,Within person,P055,3.0,,-0.8201041165735639,0.06670712552808039
omega3,Within person,P056,1.0,,-0.2135215546165008,-2.1784661678804094
omega3,Within person,P056,2.0,,-0.6824814189052671,0.30388528673935344
omega3,Within person,P056,3.0,,-0.9922133186839459,0.0710572412155996
omega3,Within person,P056,4.0,,1.318697681126502,0.3824615249454045
omega3,Within person,P056,5.0,,-0.6759057205943985,0.5186442120821935
omega3,Within person,P056,6.0,,0.7631259403308062,0.41722598691323237
omega3,Within person,P056,7.0,,-0.2109171273478585,0.18875619020480008
omega3,Within person,P056,8.0,,0.6932155186906628,0.2964357257798257
omega3,Within person,P057,1.0,,0.0,0.0
omega3,Within person,P058,1.0,,-0.8578298167531098,-0.08922333274468064
omega3,Within person,P058,2.0,,-0.7531768400171035,-0.23344569531945006
omega3,Within person,P058,3.0,,-1.37133383793555,-0.20215006208817057
omega3,Within person,P058,4.0,,-1.0120058392719458,-0.15889219547098168
omega3,Within person,P058,5.0,,0.06556756136806835,-0.31203083385066765
omega3,Within person,P058,6.0,,1.1956741520899168,0.1637778286440983
omega3,Within person,P058,7.0,,1.1672706802829123,0.5811981680906618
omega3,Within person,P058,8.0,,1.5658339402368118,0.2507661227391905
omega3,Within person,P059,1.0,,-0.30167681719976747,-1.5955470937469385
omega3,Within person,P059,2.0,,0.8362357860220346,0.7437461153303903
omega3,Within person,P059,3.0,,0.4723873046565199,0.6562234559317833
omega3,Within person,P059,4.0,,-0.4132199360030474,0.47908685019377595
omega3,Within person,P059,5.0,,-0.008586153935286417,0.08013652465667487
omega3,Within person,P059,6.0,,-1.1850277345045623,0.3263496530114842
omega3,Within person,P059,7.0,,0.16659978176992363,-1.1198040283495145
omega3,Within person,P059,8.0,,0.4332877691941853,0.42980852297234484
omega3,Within person,P060,1.0,,0.321200942847117,0.0804180313346472
omega3,Within person,P060,2.0,,0.4604805080772036,0.45866170284966823
omega3,Within person,P060,3.0,,0.3629483413927549,-0.2840389101701284
omega3,Within person,P060,4.0,,-0.12016714485285629,0.5003651918392593
omega3,Within person,P060,5.0,,-1.1174420916500674,-1.3981308456538075
omega3,Within person,P060,6.0,,0.02043458720421254,0.7804927616775772
omega3,Within person,P060,7.0,,0.31823273841211935,0.09917942699279747
omega3,Within person,P060,8.0,,-0.24568788143048403,-0.23694735887001395
omega3,Within person,P061,1.0,,0.0,0.0
omega3,Within person,P062,1.0,,0.10067836294133425,-0.531699574431816
omega3,Within person,P062,2.0,,-0.4679395292765863,0.09351367342927337
omega3,Within person,P062,3.0,,0.7973982698030352,0.1087183424251281
omega3,Within person,P062,4.0,,-0.5075051953561095,-0.4308709684112124
omega3,Within person,P062,5.0,,-0.07140909764978454,-0.34292684294694886
omega3,Within person,P062,6.0,,-1.0438521827164935,0.45069373166819715
omega3,Within person,P062,7.0,,0.4259428083687874,0.3786660588724149
omega3,Within person,P062,8.0,,0.7666865638858172,0.2739055793949639
omega3,Within person,P063,1.0,,1.2458150472030576,-1.259803771154273
omega3,Within person,P063,2.0,,0.28477766041041375,0.023674547229376897
omega3,Within person,P063,3.0,,-0.2595084194736351,0.1869201742951878
omega3,Within person,P063,4.0,,-1.2983216917673162,0.08892651112062677
omega3,Within person,P063,5.0,,-0.30095692200762886,0.20307328249121914
omega3,Within person,P063,6.0,,0.21519763468521488,0.20191483424455314
omega3,Within person,P063,7.0,,0.2410612548493834,0.21971640510674817
omega3,Within person,P063,8.0,,-0.12806456389948961,0.3355780166665605
omega3,Within person,P064,1.0,,0.0030453797685731088,-1.3008810956604564
omega3,Within person,P064,2.0,,0.28708584203557874,0.6061766904801302
omega3,Within person,P064,3.0,,-0.39134754375025504,0.3446285240033298
omega3,Within person,P064,4.0,,-0.9986871881092197,0.10595665206867924
omega3,Within person,P064,5.0,,1.0999035100553227,0.2441192291083173
omega3,Within person,P065,1.0,,-1.0775501828202962,0.13232459743893
omega3,Within person,P065,2.0,,-0.9051023527877011,-0.23784225584334126
omega3,Within person,P065,3.0,,0.2161454983362786,0.23666523233928077
omega3,Within person,P065,4.0,,0.9095635720733194,-0.013145798380927776
omega3,Within person,P065,5.0,,0.12260425796434082,0.10700368967349688
omega3,Within person,P065,6.0,,0.4069077628697366,-0.1455419901472602
omega3,Within person,P065,7.0,,0.04005082712235408,0.07737280140584624
omega3,Within person,P065,8.0,,0.2873806172419676,-0.1568362764860246
omega3,Within person,P066,1.0,,-1.5341226457976354,0.06518083550645937
omega3,Within person,P066,2.0,,0.2709176302208187,-0.1691449657946672
omega3,Within person,P066,3.0,,-0.766096556035417,0.00044373787197915515
omega3,Within person,P066,4.0,,1.1658839945621506,-0.05371562088573223
omega3,Within person,P066,5.0,,0.1382701733187961,-0.1388334019318424
omega3,Within person,P066,6.0,,-0.7517600622347373,0.21466730779630305
omega3,Within person,P066,7.0,,1.417202701602931,0.054783880273785446
omega3,Within person,P066,8.0,,0.059704764363093354,0.02661822716371498
omega3,Within person,P067,1.0,,-0.844540611857698,-0.6168042381009694
omega3,Within person,P067,2.0,,0.8445406118576979,0.6168042381009694
omega3,Within person,P068,1.0,,-0.03166747021614147,-0.34178058762500363
omega3,Within person,P068,2.0,,-1.1608613205918894,0.11440638679928006
omega3,Within person,P068,3.0,,-0.5796915339767336,0.08823648510433091
omega3,Within person,P068,4.0,,-0.5535344653432592,0.4471606385509673
omega3,Within person,P068,5.0,,0.9187791551696508,0.40754238252420594
omega3,Within person,P068,6.0,,0.37793144179802474,0.005519198044253271
omega3,Within person,P068,7.0,,0.7409188869288491,-0.03975160532204258
omega3,Within person,P068,8.0,,0.2881253062314989,-0.6813328980759914
omega3,Within person,P069,1.0,,0.06694518538132788,-2.151501120758579
omega3,Within person,P069,2.0,,0.04369628031593353,-0.2225672298727942
omega3,Within person,P069,3.0,,-0.020305648414719935,0.5014426663111211
omega3,Within person,P069,4.0,,-0.020305648414719935,0.5014426663111211
omega3,Within person,P069,5.0,,-0.027107255558385557,0.434870175849005
omega3,Within person,P069,6.0,,-0.02261726489471627,0.434870175849005
omega3,Within person,P069,7.0,,-0.020305648414719935,0.5014426663111211
omega3,Within person,P070,1.0,,0.4536669558309552,-0.14135486834790334
omega3,Within person,P070,2.0,,-0.38109230851335557,-0.07051417528381121
omega3,Within person,P070,3.0,,0.5882637340519704,-0.6950223567614806
omega3,Within person,P070,4.0,,-0.07940772694936837,-0.8967849791938822
omega3,Within person,P070,5.0,,-0.07263777817835199,0.5499139619438191
omega3,Within person,P070,6.0,,0.4567899455194465,0.021848244746463852
omega3,Within person,P070,7.0,,-0.600289407839601,-0.07395894087341692
omega3,Within person,P070,8.0,,-0.36529341392169495,1.3058731137702124
omega3,Within person,P071,1.0,,-2.7385173712294866,0.19752248195895766
omega3,Within person,P071,2.0,,-0.1999719696846992,0.3613000864096912
omega3,Within person,P071,3.0,,0.6821015769086654,0.2742324702452837
omega3,Within person,P071,4.0,,8.844332832413926e-05,0.1902711493574512
omega3,Within person,P071,5.0,,1.1935393289281218,-0.242494593690827
omega3,Within person,P071,6.0,,0.054447006343201876,-0.17189399478903855
omega3,Within person,P071,7.0,,0.8326656088253857,-0.31529092278667825
omega3,Within person,P071,8.0,,0.1756473765804869,-0.29364667670484
omega3,Within person,P072,1.0,,-1.514851108407259,0.15167797186332477
omega3,Within person,P072,2.0,,-0.7753318188063127,0.36459344207402733
omega3,Within person,P072,3.0,,1.2039464584304886,0.8541967873803684
omega3,Within person,P072,4.0,,1.086517875483503,1.2064003437252464
omega3,Within person,P072,5.0,,0.6762177391358879,-0.36125596856598763
omega3,Within person,P072,6.0,,-0.018054182666176494,-1.2095178024447382
omega3,Within person,P072,7.0,,-0.08599994061884247,-0.3837193254006118
omega3,Within person,P072,8.0,,-0.5724450225512892,-0.622375448631629
omega3,Within person,P073,1.0,,0.4210321402174023,-0.3561974928329834
omega3,Within person,P073,2.0,,-0.70588441433606,-0.04189157585197009
omega3,Within person,P073,3.0,,0.4866643990742062,-0.298633445998571
omega3,Within person,P073,4.0,,0.4631167197016278,0.5542738643158682
omega3,Within person,P073,5.0,,-0.9543024984142593,-0.5143640822634272
omega3,Within person,P073,6.0,,0.4631539625341329,0.22382909995505068
omega3,Within person,P073,7.0,,-0.8575159743878837,0.032456106923567665
omega3,Within person,P073,8.0,,0.6837356656108339,0.4005275257524651
omega3,Within person,P074,1.0,,1.4002731283652152,0.37382891039970545
omega3,Within person,P074,2.0,,-0.4389363961418535,1.0148457930784094
omega3,Within person,P074,3.0,,0.42610590438881557,-0.8141951328037573
omega3,Within person,P074,4.0,,-0.310343841530132,1.2272501818439079
omega3,Within person,P074,5.0,,-1.1343644456581234,-1.2592410490951187
omega3,Within person,P074,6.0,,0.47834844900718776,-0.8352181507847038
omega3,Within person,P074,7.0,,-0.05000945191933476,-0.21289742795085886
omega3,Within person,P074,8.0,,-0.37107334651177465,0.5056268753124158
omega3,Within person,P075,1.0,,0.24684040000526813,0.5701722492225249
omega3,Within person,P075,2.0,,-0.24684040000526813,-0.5701722492225249
omega3,Within person,P076,1.0,,-0.07679169164244848,0.3066329398882732
omega3,Within person,P076,2.0,,-0.14791345678897938,-1.081990714194023
omega3,Within person,P076,3.0,,-0.5864309762887981,0.17461816818178744
omega3,Within person,P076,4.0,,1.505230901877542,-0.13339767570623626
omega3,Within person,P076,5.0,,-0.3209727110121342,-0.12429995247118078
omega3,Within person,P076,6.0,,0.22358673483757108,0.33692003507035195
omega3,Within person,P076,7.0,,-1.2451616422633989,0.2521459807415864
omega3,Within person,P076,8.0,,0.6484528412806461,0.2693712184894412
omega3,Within person,P077,1.0,,-0.5456856835507261,-0.5482124206755482
omega3,Within person,P077,2.0,,-0.16392860008039659,0.29442175728408787
omega3,Within person,P077,3.0,,0.829930751615954,-0.6900380206073035
omega3,Within person,P077,4.0,,0.1113584717441457,0.5225632114302834
omega3,Within person,P077,5.0,,0.5700647200675137,-0.5080319763178935
omega3,Within person,P077,6.0,,-0.19967297938379253,0.47395568935090127
omega3,Within person,P077,7.0,,-1.0716708431999875,0.26359341856201457
omega3,Within person,P077,8.0,,0.4696041627872893,0.19174834097345816
omega3,Within person,P078,1.0,,1.0560124112435965,-0.2570473093952817
omega3,Within person,P078,2.0,,-1.3623510810175659,0.11395404151749117
omega3,Within person,P078,3.0,,0.8767389982887218,-0.04288697227700822
omega3,Within person,P078,4.0,,-0.5704003285147522,0.1859802401547987
omega3,Within person,P079,1.0,,0.1441156524763828,-0.18372194019179172
omega3,Within person,P079,2.0,,-0.9014668015966657,-0.2245151913992114
omega3,Within person,P079,3.0,,0.3931855273254525,-0.1307052788270714
omega3,Within person,P079,4.0,,0.5042444157763879,-0.34121845304768533
omega3,Within person,P079,5.0,,0.03593127504259119,0.3895994086993297
omega3,Within person,P079,6.0,,0.24515357191143294,0.18265738238748813
omega3,Within person,P079,7.0,,-0.8994321933418407,0.2185784538351747
omega3,Within person,P079,8.0,,0.47826855240625865,0.08932561854376722
omega3,Within person,P080,1.0,,-0.5391924569677065,-0.4520889651764175
omega3,Within person,P080,2.0,,0.8344217167076495,-0.2214360711670335
omega3,Within person,P080,3.0,,-0.7208501984786349,0.542278694594797
omega3,Within person,P080,4.0,,1.4255170636486039,-0.018241025473149763
omega3,Within person,P080,5.0,,-1.120406469208758,0.30492685608386283
omega3,Within person,P080,6.0,,1.1527587277928872,-0.38553781695038825
omega3,Within person,P080,7.0,,0.018204405745584157,-0.07938681085235866
omega3,Within person,P080,8.0,,-1.0504527892396252,0.30948513894068796
omega3,Within person,P081,1.0,,0.27748110721702945,-0.17088977004410955
omega3,Within person,P081,2.0,,-0.5471813484842686,-0.10525637779959163
omega3,Within person,P081,3.0,,0.2733074441933855,0.783557259625776
omega3,Within person,P081,4.0,,0.21806083542798782,0.6233219764293314
omega3,Within person,P081,5.0,,-0.18020001049472167,-0.18411851412312225
omega3,Within person,P081,6.0,,0.37957537572543343,0.28710846087408126
omega3,Within person,P081,7.0,,-0.5156121002645652,-1.1522479033763176
omega3,Within person,P081,8.0,,0.09456869667971929,-0.08147513158604774
omega3,Within person,P082,1.0,,0.3517252562237309,0.43818680676458777
omega3,Within person,P082,2.0,,-1.6271110753540365,-0.7503204053484446
omega3,Within person,P082,3.0,,0.9540309721192747,0.2480184960001381
omega3,Within person,P082,4.0,,1.2163169244395355,0.5294665961171923
omega3,Within person,P082,5.0,,-0.49861089602869063,0.39029170432537985
omega3,Within person,P082,6.0,,-0.07689174110741798,-0.08296444822639248
omega3,Within person,P082,7.0,,-1.247140184854924,-0.16232799227971656
omega3,Within person,P082,8.0,,0.9276807445625278,-0.6103507573527444
omega3,Within person,P083,1.0,,0.0,0.0
omega3,Within person,P084,1.0,,-0.16166176170326918,-1.573763736749128
omega3,Within person,P084,2.0,,-0.21939096776961642,0.7842938974151497
omega3,Within person,P084,3.0,,0.3810527294728856,0.7894698393339784
omega3,Within person,P085,1.0,,2.2873983654589747,1.1868282168806248
omega3,Within person,P085,2.0,,-0.8983620805716565,1.1466135136904438
omega3,Within person,P085,3.0,,-0.19563935857623493,0.8406394654771615
omega3,Within person,P085,4.0,,-0.1629910608658842,0.8231386241891341
omega3,Within person,P085,5.0,,-0.2135441662909593,-1.3781070546774647
omega3,Within person,P085,6.0,,-0.1968932808950446,-0.5327911143629808
omega3,Within person,P085,7.0,,-1.0663305323159404,-2.647674979262705
omega3,Within person,P085,8.0,,0.4463621140567451,0.5613533280657865
omega3,Within person,P086,1.0,,0.3514932498073261,0.05036559576624708
omega3,Within person,P086,2.0,,0.11210035012130481,-0.34126446383957143
omega3,Within person,P086,3.0,,-0.29138808648675074,-0.14183440005259082
omega3,Within person,P086,4.0,,0.14013789464982818,0.2704128445380156
omega3,Within person,P086,5.0,,1.0631279051239058,-0.24091865060673534
omega3,Within person,P086,6.0,,-0.48593221949660903,0.18812400206680857
omega3,Within person,P086,7.0,,-0.29675910968143404,-0.15387102964452162
omega3,Within person,P086,8.0,,-0.5927799840375712,0.3689861017723478
omega3,Within person,P087,1.0,,0.08853664189102206,-0.1780025494247848
omega3,Within person,P087,2.0,,0.052747351106388396,-0.17319481498874478
omega3,Within person,P087,3.0,,-0.0262282538573545,-0.6034357552157098
omega3,Within person,P087,4.0,,-0.7025969310863523,0.38419438829614355
omega3,Within person,P087,5.0,,-0.7907840791288455,-0.3540760434396453
omega3,Within person,P087,6.0,,-0.31858858894164166,0.3824030094954992
omega3,Within person,P087,7.0,,0.9767609049630839,0.033148527432344
omega3,Within person,P087,8.0,,0.7201529550536999,0.5089632378448979
omega3,Within person,P088,1.0,,-0.13407257809560924,-0.18128525148383395
omega3,Within person,P088,2.0,,-0.3017934132418042,-0.5569304688702281
omega3,Within person,P088,3.0,,0.6742852033657408,0.2549707185678783
omega3,Within person,P088,4.0,,-0.8193586019587245,-0.1151351045831234
omega3,Within person,P088,5.0,,-0.08548570583844328,-0.423749759805783
omega3,Within person,P088,6.0,,0.21960434400113138,0.28399444800897106
omega3,Within person,P088,7.0,,-0.6598334630479996,0.15291944397547774
omega3,Within person,P088,8.0,,1.1066542148157086,0.5852159741906413
omega3,Within person,P089,1.0,,-0.4712323378887643,0.11351391688530282
omega3,Within person,P089,2.0,,-0.9641795579280669,0.09241951144383559
omega3,Within person,P089,3.0,,1.1486716942573993,0.053180417383809464
omega3,Within person,P089,4.0,,-1.3754398283669018,-0.2639204329682499
omega3,Within person,P089,5.0,,0.8437973592343448,-0.3980362019059465
omega3,Within person,P089,6.0,,0.7874794900637383,-0.0022538286133917396
omega3,Within person,P089,7.0,,0.07134991124959622,0.308570675759325
omega3,Within person,P089,8.0,,-0.04044673062134585,0.09652594201531545
omega3,Within person,P090,1.0,,0.22270142352848984,-0.26747910922340296
omega3,Within person,P090,2.0,,0.9129240604617337,-0.0665114411690026
omega3,Within person,P090,3.0,,0.7276544399111111,0.32207450989428066
omega3,Within person,P090,4.0,,-0.14967575649129045,0.054352473687084235
omega3,Within person,P090,5.0,,-0.6844923444969506,-0.16588883614590283
omega3,Within person,P090,6.0,,-1.0291118229130929,0.12345240295694349
omega3,Within person,P091,1.0,,-0.12023739494910857,-0.8702717535577544
omega3,Within person,P091,2.0,,0.6981275091102955,-1.0581102338596962
omega3,Within person,P091,3.0,,-0.4873350785991212,-0.07901919835134086
omega3,Within person,P091,4.0,,0.1250221630060434,0.6077839900555769
omega3,Within person,P091,5.0,,-1.1261932178824732,0.25540792975410465
omega3,Within person,P091,6.0,,-0.04206810611999745,0.3856195082243613
omega3,Within person,P091,7.0,,0.8648381097636718,0.7134923836955022
omega3,Within person,P091,8.0,,0.08784601567068973,0.04509737403924641
omega3,Within person,P092,1.0,,1.5260726938223645,-0.14168218255682208
omega3,Within person,P092,2.0,,0.32580031634499895,-0.42875008484895727
omega3,Within person,P092,3.0,,-1.3296729953482909,-0.22129024634990657
omega3,Within person,P092,4.0,,0.02805845218207259,0.171691284774677
omega3,Within person,P092,5.0,,1.1638891193271794,-0.2142512030190561
omega3,Within person,P092,6.0,,-0.49396991164917026,0.26523622776682165
omega3,Within person,P092,7.0,,-1.0403211640883085,0.4816808754090369
omega3,Within person,P092,8.0,,-0.17985651059084584,0.08736532882420578
omega3,Within person,P093,1.0,,1.274986665266498,0.3024032050019187
omega3,Within person,P093,2.0,,0.02445981341494996,0.20464664613144595
omega3,Within person,P093,3.0,,0.3339008369987947,-0.7072356061944569
omega3,Within person,P093,4.0,,0.43252297234590853,-0.32719705556238254
omega3,Within person,P093,5.0,,-0.8379663495960692,0.27721256332912964
omega3,Within person,P093,6.0,,-0.19028991843146614,-0.17562686499487318
omega3,Within person,P093,7.0,,0.478286299864052,0.20458441024969704
omega3,Within person,P093,8.0,,-1.5159003198626677,0.22121270203952126
omega3,Within person,P094,1.0,,0.9948317779380271,-0.03357544385656941
omega3,Within person,P094,2.0,,-0.41903104569436356,0.009071411348159475
omega3,Within person,P094,3.0,,-0.726859476309343,-0.2295971851465991
omega3,Within person,P094,4.0,,-0.12849358733393582,-0.3228181421455707
omega3,Within person,P094,5.0,,-0.5597814511590768,0.07989551349364166
omega3,Within person,P094,6.0,,0.5993565277824162,0.2796761957415907
omega3,Within person,P094,7.0,,0.13821095570014602,-0.16943587851952824
omega3,Within person,P094,8.0,,0.10176629907613,0.38678352908487573
omega3,Within person,P095,1.0,,0.1757141964492127,0.02364007855419281
omega3,Within person,P095,2.0,,0.5358316881413681,-0.04566855101915013
omega3,Within person,P095,3.0,,-1.138862433002078,0.03636276785050385
omega3,Within person,P095,4.0,,-0.6298638373978911,0.5002601131400993
omega3,Within person,P095,5.0,,0.26992448300248595,-0.25895217873818666
omega3,Within person,P095,6.0,,-0.16642174399192472,0.07812733512002146
omega3,Within person,P095,7.0,,-0.16613815358387635,0.043975456685461434
omega3,Within person,P095,8.0,,1.119815800382704,-0.37774502159294265
omega3,Within person,P096,1.0,,1.605079676192601,0.5413256091642681
omega3,Within person,P096,2.0,,-0.5570687104073881,-0.020990744848017384
omega3,Within person,P096,3.0,,-1.6802588962537055,-0.2892364336981387
omega3,Within person,P096,4.0,,0.6322479304684927,-0.23109843061811197
omega3,Within person,P097,1.0,,0.21121409779844394,0.3359763365061614
omega3,Within person,P097,2.0,,0.6982966207852779,-0.7548948978537556
omega3,Within person,P097,3.0,,-0.7192542866273142,-0.6856002601657959
omega3,Within person,P097,4.0,,-0.4376347580682076,0.19423118138706133
omega3,Within person,P097,5.0,,-0.4706499389441524,0.13291539206108416
omega3,Within person,P097,6.0,,-0.030022301178627198,0.24369126516354336
omega3,Within person,P097,7.0,,0.5845364092992433,-0.0907683020055543
omega3,Within person,P097,8.0,,0.16351415693533616,0.6244492849072557
omega3,Within person,P098,1.0,,0.25083306013092566,0.22284249056336022
omega3,Within person,P098,2.0,,0.8012834227376937,-0.23436639905162024
omega3,Within person,P098,3.0,,-0.2100389862485846,-1.541194232530021
omega3,Within person,P098,4.0,,0.283614592531072,0.16606956607924106
omega3,Within person,P098,5.0,,-1.4303107698522255,-0.22168376267068596
omega3,Within person,P098,6.0,,1.3718509963169676,0.41557572579198954
omega3,Within person,P098,7.0,,-0.3136501930913378,0.4016162001559538
omega3,Within person,P098,8.0,,-0.753582122524511,0.7911404116617826
omega3,Within person,P099,1.0,,1.769715861566112,0.07156092395699659
omega3,Within person,P099,2.0,,-0.559010920414348,0.19547870409411006
omega3,Within person,P099,3.0,,-0.28895055184679785,-0.26978280063384963
omega3,Within person,P099,4.0,,-1.1657789658317688,-0.4847085528390046
omega3,Within person,P099,5.0,,-0.8846690087755308,0.10430592144224154
omega3,Within person,P099,6.0,,0.2634414355396247,0.2945956239309629
omega3,Within person,P099,7.0,,0.46651140081016534,-0.08134740420525208
omega3,Within person,P099,8.0,,0.39874074895254324,0.16989758425379536
omega3,Within person,P100,1.0,,-0.3328481312942422,0.03230216259573715
omega3,Within person,P100,2.0,,1.383853896791404,-0.04015989641779916
omega3,Within person,P100,3.0,,-0.00249741687905225,0.18788391149550543
omega3,Within person,P100,4.0,,-0.7006995420746323,-0.07562063551497014
omega3,Within person,P100,5.0,,0.947080408541707,-0.11045188873790868
omega3,Within person,P100,6.0,,-0.48856788868045187,-0.018111442570848846
omega3,Within person,P100,7.0,,0.5259496350999067,-0.2098969388015715
omega3,Within person,P100,8.0,,-1.332270961504639,0.23405472795185556
omega3,Within person,P101,1.0,,1.2336157009925826,-0.3128972188270829
omega3,Within person,P101,2.0,,-1.1489904884728404,-0.05510829053320243
omega3,Within person,P101,3.0,,0.11866476509759179,-0.11728865421890147
omega3,Within person,P101,4.0,,-0.9169976700058511,0.07521591841226
omega3,Within person,P101,5.0,,-0.2810131593823081,0.05664558222845212
omega3,Within person,P101,6.0,,0.15353721181386573,0.19751185371560132
omega3,Within person,P101,7.0,,-0.2524104941392242,0.09798053842870758
omega3,Within person,P101,8.0,,1.0935941340961834,0.057940270794165916
omega3,Within person,P102,1.0,,0.32880037454535305,-0.451597650814435
omega3,Within person,P102,2.0,,-0.3288003745453531,0.451597650814435
omega3,Within person,P103,1.0,,0.2689893067244352,0.06605612429667373
omega3,Within person,P103,2.0,,1.05377414372797,0.41348032556263137
omega3,Within person,P103,3.0,,-0.30032234528672314,1.5824348390654142
omega3,Within person,P103,4.0,,0.9048623170463252,-0.6414519182099787
omega3,Within person,P103,5.0,,-0.3883983974413413,-1.70566863492765
omega3,Within person,P103,6.0,,-2.063329531681802,-1.0041229060760624
omega3,Within person,P103,7.0,,1.290090902336059,-0.04835217390330815
omega3,Within person,P103,8.0,,-0.7656663954249229,1.33762434419228
omega3,Within person,P104,1.0,,0.9420392603732184,-1.0985926501237662
omega3,Within person,P104,2.0,,1.9410855737493622,-0.2337982131414431
omega3,Within person,P104,3.0,,-0.42988707401538706,-0.1818394326247782
omega3,Within person,P104,4.0,,-0.5119483066661659,-0.37261481087823456
omega3,Within person,P104,5.0,,-0.4642402065332214,0.3111953240725429
omega3,Within person,P104,6.0,,-0.5186492439373611,0.6760708341481199
omega3,Within person,P104,7.0,,-0.4504934862067742,0.22350811439943907
omega3,Within person,P104,8.0,,-0.5079065167636716,0.6760708341481199
omega3,Within person,P105,1.0,,-0.9980184303104054,-0.2922839191919717
omega3,Within person,P105,2.0,,0.3911972409290709,-1.4610747087152678
omega3,Within person,P105,3.0,,1.3962013134336508,2.234005416029773
omega3,Within person,P105,4.0,,-0.05882268498356025,2.311013261441594
omega3,Within person,P105,5.0,,-1.0280455131431672,-2.4842376110715896
omega3,Within person,P105,6.0,,-1.046481313613469,-1.4073080146789128
omega3,Within person,P105,7.0,,-0.9814704206802984,-1.8540042325266115
omega3,Within person,P105,8.0,,2.325439808368179,2.953889808712986
omega3,Within person,P106,1.0,,-0.3614914754607238,0.2328878873363723
omega3,Within person,P106,2.0,,0.08482611330458684,-0.23671213352995008
omega3,Within person,P106,3.0,,0.8234226472965804,0.0245127060618322
omega3,Within person,P106,4.0,,0.21422248150298223,-0.22536365370215178
omega3,Within person,P106,5.0,,0.47327016085280144,0.4841971055418144
omega3,Within person,P106,6.0,,-0.3855467651195087,0.09080701517130038
omega3,Within person,P106,7.0,,-0.16292218422347882,-0.30968374355299144
omega3,Within person,P106,8.0,,-0.6857809781532396,-0.060645183326225954
omega3,Within person,P107,1.0,,0.0944678968623826,-0.4868870507717099
omega3,Within person,P107,2.0,,0.182758904448401,0.19074026441838998
omega3,Within person,P107,3.0,,-0.35675108294168895,0.5964776759934549
omega3,Within person,P107,4.0,,-0.2596874492697583,-0.24887068586365613
omega3,Within person,P107,5.0,,0.7479636635452656,0.19074026441838998
omega3,Within person,P107,6.0,,-0.16052366061702628,0.09330152755102294
omega3,Within person,P107,7.0,,-0.5159200283952201,0.48900678987279056
omega3,Within person,P107,8.0,,0.2676917563676445,-0.824508785618683
omega3,Within person,P108,1.0,,1.151573248385875,0.22573247688185183
omega3,Within person,P108,2.0,,-0.46900989591466763,-0.33682088105341035
omega3,Within person,P108,3.0,,-0.24459830814884448,-0.04649983348481446
omega3,Within person,P108,4.0,,-0.21922255806102653,-0.23495718664989407
omega3,Within person,P108,5.0,,-0.5756882186889936,0.30534054067493654
omega3,Within person,P108,6.0,,0.7566394626404183,0.22573247688185183
omega3,Within person,P108,7.0,,-0.033304948736152584,0.012783869122773295
omega3,Within person,P108,8.0,,-0.3663887814766082,-0.15131146237329463
omega3,Within person,P109,1.0,,0.4222096725450356,0.2313738607529232
omega3,Within person,P109,2.0,,0.08726010282673513,0.24051698927545673
omega3,Within person,P109,3.0,,0.24612787030999794,-0.09884586268868634
omega3,Within person,P109,4.0,,-0.313102210202985,-0.14941588352322888
omega3,Within person,P109,5.0,,0.6565244866004981,0.3205684562835276
omega3,Within person,P109,6.0,,-0.4490873967065846,-0.6633239960392363
omega3,Within person,P109,7.0,,-0.5803331693978481,0.2992262941023224
omega3,Within person,P109,8.0,,-0.06959935597484901,-0.18009985816307822
omega3,Within person,P110,1.0,,-0.34074744531734985,-0.24210340858179405
omega3,Within person,P110,2.0,,-0.8548650078408512,0.2416101116902142
omega3,Within person,P110,3.0,,-1.0121619967115316,-0.09214777974970409
omega3,Within person,P110,4.0,,0.01184503425986122,-0.1717968559811914
omega3,Within person,P110,5.0,,0.569610390187331,-0.4961260940422678
omega3,Within person,P110,6.0,,1.3941547557975706,0.0786491094402319
omega3,Within person,P110,7.0,,0.149369523560084,0.564315206786253
omega3,Within person,P110,8.0,,0.08279474606488582,0.11759971043825829
omega3,Within person,P111,1.0,,0.1134328321936161,-0.9909512944765551
omega3,Within person,P111,2.0,,0.36881135280675914,0.2644973100595212
omega3,Within person,P111,3.0,,-0.8626847260378543,0.46978914002042216
omega3,Within person,P111,4.0,,-0.8809326984937815,-0.09525233306859696
omega3,Within person,P111,5.0,,0.4606231157535797,0.11804549251908233
omega3,Within person,P111,6.0,,0.8351735799215453,-0.040039583234412146
omega3,Within person,P111,7.0,,0.517909754961045,0.15877182864580885
omega3,Within person,P111,8.0,,-0.5523332111049091,0.11513943953472965
omega3,Within person,P112,1.0,,-0.2969607340901489,0.5322398496351308
omega3,Within person,P112,2.0,,1.2819889130939837,-0.7497666540738395
omega3,Within person,P112,3.0,,-0.9850281790038348,0.21752680443870864
omega3,Within person,P113,1.0,,-0.26355692974427813,0.11720381867058671
omega3,Within person,P113,2.0,,0.26355692974427836,-0.11720381867058673
omega3,Within person,P114,1.0,,0.0,0.0
omega3,Within person,P115,1.0,,0.13397697844995726,-0.630595890818656
omega3,Within person,P115,2.0,,0.2825559269527761,-0.1556788842231322
omega3,Within person,P115,3.0,,0.5873347582041347,0.16667183410026012
omega3,Within person,P115,4.0,,-1.4707483029125603,0.18834772872917385
omega3,Within person,P115,5.0,,-0.5581629930811387,0.3397223574243441
omega3,Within person,P115,6.0,,0.29541859368854084,0.21234466245482045
omega3,Within person,P115,7.0,,0.4953091174174865,0.057481791963399115
omega3,Within person,P115,8.0,,0.23431592128080359,-0.17829359963020947
omega3,Within person,P116,1.0,,0.8039806674584523,-0.12211450162946944
omega3,Within person,P116,2.0,,-0.2740211316128959,0.3792143073435129
omega3,Within person,P116,3.0,,-0.5299595358455564,-0.25709980571404345
omega3,Within person,P117,1.0,,0.40551324892160795,-1.8625675724332473
omega3,Within person,P117,2.0,,-0.9470394405702173,-1.4227240155457692
omega3,Within person,P117,3.0,,0.22865529804495305,0.4326347203005314
omega3,Within person,P117,4.0,,0.017215132627424135,1.3500729903612105
omega3,Within person,P117,5.0,,-0.3382538204513478,-1.2807981192980127
omega3,Within person,P117,6.0,,-0.7535026160751187,0.5416880185718829
omega3,Within person,P117,7.0,,0.4396618849850702,1.4475997503338232
omega3,Within person,P117,8.0,,0.9477503125176282,0.7940942277095816
omega3,Within person,P118,1.0,,-0.38593555350320374,0.34239433168491784
omega3,Within person,P118,2.0,,-0.19556832263048118,-0.02496452586840725
omega3,Within person,P118,3.0,,-0.6539398355142539,0.5228851400521083
omega3,Within person,P118,4.0,,0.2548495210850357,-0.3071469732191523
omega3,Within person,P118,5.0,,0.16984578138887968,-0.13707665067625127
omega3,Within person,P118,6.0,,1.4702975598276207,0.5246565647181944
omega3,Within person,P118,7.0,,0.3291761563987662,0.1248345055665187
omega3,Within person,P118,8.0,,-0.9887253070523635,-1.0455823922579284
omega3,Within person,P119,1.0,,-0.9341372767754588,-2.315928557140831
omega3,Within person,P119,2.0,,0.2658819871190422,-4.074695634032536
omega3,Within person,P119,3.0,,-0.8881032595220233,-1.3733555197799003
omega3,Within person,P119,4.0,,0.8073342052755766,1.4516263048787181
omega3,Within person,P119,5.0,,0.18377708031570206,1.8155354001221211
omega3,Within person,P119,6.0,,-0.03546294645553316,1.507793824104218
omega3,Within person,P119,7.0,,-0.48405386550614193,1.5081618134143138
omega3,Within person,P119,8.0,,1.0847640755488368,1.4808623684338955
omega3,Within person,P120,1.0,,0.9359983988089245,-0.25726113188560723
omega3,Within person,P120,2.0,,0.2617440741466366,0.20097535187171411
omega3,Within person,P120,3.0,,-0.18923806370731722,0.2863686934037004
omega3,Within person,P120,4.0,,1.1599929370843056,0.1546425342400174
omega3,Within person,P120,5.0,,-1.7247974048243764,-0.18301842850691347
omega3,Within person,P120,6.0,,-0.10346319187525332,0.3591830234872768
omega3,Within person,P120,7.0,,-0.6130782066238776,0.31977090483309434
omega3,Within person,P120,8.0,,0.27284145699095763,-0.8806609474432825
omega3,Within person,P121,1.0,,0.5611205447310943,-0.31477413568641455
omega3,Within person,P121,2.0,,-0.2395688415484113,0.2573923220351618
omega3,Within person,P121,3.0,,0.5224323652724336,-0.19552995100947418
omega3,Within person,P121,4.0,,-1.939230328393232,0.1638308469428035
omega3,Within person,P121,5.0,,0.5751665984445877,0.23975833682992045
omega3,Within person,P121,6.0,,0.41297533571054545,-0.5012470941362018
omega3,Within person,P121,7.0,,0.6102080787104553,0.21826138328324665
omega3,Within person,P121,8.0,,-0.5031037529274737,0.13230829174095812
omega3,Within person,P122,1.0,,0.0,0.0
omega3,Within person,P123,1.0,,-1.7721268620982824,0.46287389756551134
omega3,Within person,P123,2.0,,-1.7736029406957068,0.1035034548531818
omega3,Within person,P123,3.0,,0.42004947701425494,-0.442705290539784
omega3,Within person,P123,4.0,,0.5390608657635285,0.27661438657186244
omega3,Within person,P123,5.0,,-0.10056092083144365,-0.002763114143767842
omega3,Within person,P123,6.0,,1.1117076497466962,-0.15126027610850634
omega3,Within person,P123,7.0,,0.018788680808817793,0.11070062659848579
omega3,Within person,P123,8.0,,1.5566840502921355,-0.35696368479698287
omega3,Within person,P124,1.0,,0.007681482531494227,-0.2712945617856002
omega3,Within person,P124,2.0,,0.44230716470104753,-2.311835118240664
omega3,Within person,P124,3.0,,-0.1737559092513971,-0.2349902035406446
omega3,Within person,P124,4.0,,-0.22168634188087272,0.5196860811741895
omega3,Within person,P124,5.0,,-0.06423984668765004,0.7865240480680996
omega3,Within person,P124,6.0,,-0.44446060404960647,0.8651731148977165
omega3,Within person,P124,7.0,,0.5120536821274831,0.5300926282572522
omega3,Within person,P124,8.0,,-0.057899627490498595,0.11664401116965117
omega3,Within person,P125,1.0,,0.0015963012105112695,0.1649689247259456
omega3,Within person,P125,2.0,,-0.17279918938229977,0.9968035998888188
omega3,Within person,P125,3.0,,0.41114389451072386,0.1353831376751029
omega3,Within person,P125,4.0,,0.18492378607629853,-0.20699767630569058
omega3,Within person,P125,5.0,,-0.6905506264911251,-0.42636784300609126
omega3,Within person,P125,6.0,,-0.5398751551249819,-0.047843424497761355
omega3,Within person,P125,7.0,,0.6967944510019011,-0.762758527821513
omega3,Within person,P125,8.0,,0.108766538198972,0.14681180934118887
omega3,Within person,P126,1.0,,-0.6215541305478123,0.2913007224450508
omega3,Within person,P126,2.0,,-0.6200817030841865,0.12118726525596824
omega3,Within person,P126,3.0,,-0.6272661201968894,0.49567528388980575
omega3,Within person,P126,4.0,,-0.43046638518473546,-0.18470384619319957
omega3,Within person,P126,5.0,,2.5884558987054147,0.09710707500242921
omega3,Within person,P126,6.0,,0.32224085040858175,0.12730324353186107
omega3,Within person,P126,7.0,,-0.5449659905654767,0.4010693014451978
omega3,Within person,P126,8.0,,-0.06636241953489619,-1.3489390453771133
omega3,Within person,P127,1.0,,-0.541614964593179,-0.03976569236111624
omega3,Within person,P127,2.0,,-0.18607468002331773,-0.9094538826417786
omega3,Within person,P127,3.0,,-0.34983590493585726,0.16688308237210708
omega3,Within person,P127,4.0,,-0.5153954463586835,0.2539143253282938
omega3,Within person,P127,5.0,,0.42318236358899397,0.1011361873335831
omega3,Within person,P127,6.0,,0.7326334911785257,0.2697179694836446
omega3,Within person,P127,7.0,,-0.5527465501940156,-0.11193490339890133
omega3,Within person,P127,8.0,,0.9898516913375324,0.2695029138841675
omega3,Within person,P128,1.0,,0.4534822000618476,0.459056132817472
omega3,Within person,P128,2.0,,-1.8592171910066262,-0.012859479054223688
omega3,Within person,P128,3.0,,0.691124647319729,-0.18889098342397959
omega3,Within person,P128,4.0,,0.9881250511476386,-0.06418239047466373
omega3,Within person,P128,5.0,,-0.6961974331013822,-0.11952218701541656
omega3,Within person,P128,6.0,,0.637911877281998,0.3975264455157883
omega3,Within person,P128,7.0,,-0.268272160817031,-0.3492953109006773
omega3,Within person,P128,8.0,,0.05304300911382595,-0.12183222746429928
omega3,Within person,P129,1.0,,1.466517483322618,-0.7876935515140784
omega3,Within person,P129,2.0,,-0.06840052600059865,-0.4971241243453517
omega3,Within person,P129,3.0,,0.5409977936701503,-0.31448633611623955
omega3,Within person,P129,4.0,,0.2968744622144898,7.88539853547876e-05
omega3,Within person,P129,5.0,,-0.5314079861571671,0.37302242471093217
omega3,Within person,P129,6.0,,-0.8304320384997305,0.5867658390719646
omega3,Within person,P129,7.0,,-0.8707619109707369,0.9220155448357412
omega3,Within person,P129,8.0,,-0.0033872775790253495,-0.2825786506283229
omega3,Within person,P130,1.0,,-1.0637576382291618,-0.1914735354607564
omega3,Within person,P130,2.0,,-1.038294780709631,-0.11086808955465849
omega3,Within person,P130,3.0,,0.969193983093309,-0.125516972284145
omega3,Within person,P130,4.0,,0.23576664700097227,0.722047759261305
omega3,Within person,P130,5.0,,0.16754613108788913,-0.9476396409611981
omega3,Within person,P130,6.0,,1.047960834482091,0.3968229117321628
omega3,Within person,P130,7.0,,0.38867772153757824,0.12317548400670433
omega3,Within person,P130,8.0,,-0.7070928982630464,0.13345208326058605
omega3,Within person,P131,1.0,,-0.5401670100265149,0.08076977511625356
omega3,Within person,P131,2.0,,-0.6785741888132641,0.6785437838916124
omega3,Within person,P131,3.0,,0.2384606157905269,0.05868698273577937
omega3,Within person,P131,4.0,,0.46500014138340384,-0.5141676661561809
omega3,Within person,P131,5.0,,-0.08419175400362772,0.11123575365781378
omega3,Within person,P131,6.0,,-0.4907849258989342,-0.40233046787436827
omega3,Within person,P131,7.0,,0.2708315173427398,0.2680182650076339
omega3,Within person,P131,8.0,,0.8194256042256709,-0.28075642637854387
omega3,Within person,P132,1.0,,0.5430127552120354,-0.127461312206476
omega3,Within person,P132,2.0,,-0.5430127552120353,0.127461312206476
omega3,Within person,P133,1.0,,-0.9866264985856202,-0.038876851983277526
omega3,Within person,P133,2.0,,-0.5517896541070021,0.42501850371918615
omega3,Within person,P133,3.0,,1.111745712182674,0.31765412826081774
omega3,Within person,P133,4.0,,0.2969175701560676,-0.18163735569477651
omega3,Within person,P133,5.0,,0.809650994195122,0.10299395976210178
omega3,Within person,P133,6.0,,0.3214030026767796,0.03155502186904845
omega3,Within person,P133,7.0,,-0.6763796089200941,-0.1740709044627076
omega3,Within person,P133,8.0,,-0.32492151759792687,-0.48263650147039244
omega3,Within person,P134,1.0,,0.29524406141100923,0.20057192776173022
omega3,Within person,P134,2.0,,-0.20783691852020897,0.04023500878266657
omega3,Within person,P134,3.0,,0.4042595712794731,0.25944885107476895
omega3,Within person,P134,4.0,,-0.8158091243453696,-0.023442448307772132
omega3,Within person,P134,5.0,,-1.677286702511318,0.28462407408208906
omega3,Within person,P134,6.0,,0.03020730431838836,-0.25182179741661564
omega3,Within person,P134,7.0,,0.8110662064587902,-0.16227018673340937
omega3,Within person,P134,8.0,,1.1601556019092354,-0.3473454292434576
omega3,Within person,P135,1.0,,0.3475201449577944,-0.04724960764292446
omega3,Within person,P135,2.0,,0.27094469900418483,0.2803469355798288
omega3,Within person,P135,3.0,,-1.8865544098813778,0.21236421554998786
omega3,Within person,P135,4.0,,0.486510764783594,-1.1830368397155706
omega3,Within person,P135,5.0,,-0.5533403815928664,0.1379941678536989
omega3,Within person,P135,6.0,,0.7564913674874281,0.14917271206294191
omega3,Within person,P135,7.0,,0.21372807155507123,0.25477302336515506
omega3,Within person,P135,8.0,,0.3646997436861721,0.1956353929468826
omega3,Within person,P136,1.0,,-0.22072667432341622,-0.553189354011221
omega3,Within person,P136,2.0,,-0.3315503777797463,0.2204080158857591
omega3,Within person,P136,3.0,,-0.4202850792586562,0.08791028601123646
omega3,Within person,P136,4.0,,0.9725621313618186,0.2448710521142256
omega3,Within person,P137,1.0,,1.7987317124048914,-0.15115979784407074
omega3,Within person,P137,2.0,,0.8837240502479593,-0.07573033075986746
omega3,Within person,P137,3.0,,-0.4078492826124369,-0.1605470167892008
omega3,Within person,P137,4.0,,-1.268551114015037,0.3392073499713025
omega3,Within person,P137,5.0,,-1.0060553660253768,0.048229795421836585
omega3,Within person,P138,1.0,,-1.2575553235566541,0.42388292159713725
omega3,Within person,P138,2.0,,-0.03667270653618651,1.1272593636437525
omega3,Within person,P138,3.0,,-1.1944340749211833,0.9325512960432015
omega3,Within person,P138,4.0,,0.8034954944775972,-0.370742661520238
omega3,Within person,P138,5.0,,-0.07620633898764226,-0.4866579255379325
omega3,Within person,P138,6.0,,-0.316110115963967,-0.49589013195815906
omega3,Within person,P138,7.0,,1.3797367715112507,-0.8404050993936901
omega3,Within person,P138,8.0,,0.6977462939767853,-0.28999776287407175
omega3,Within person,P139,1.0,,0.559038406130571,-0.010713709235024016
omega3,Within person,P139,2.0,,0.4192613422264936,0.04867371628057504
omega3,Within person,P139,3.0,,0.215881561772291,0.0077759055814341504
omega3,Within person,P139,4.0,,-0.35308081111630574,0.07503928731845111
omega3,Within person,P139,5.0,,-0.5146425511923876,0.07503928731845111
omega3,Within person,P139,6.0,,0.11217235621641264,-0.015679336051257264
omega3,Within person,P139,7.0,,-0.1449530392208489,0.22374842579374588
omega3,Within person,P139,8.0,,-0.29367726481622625,-0.40388357700637534
omega3,Within person,P140,1.0,,1.540040022498826,-1.2829440704903896
omega3,Within person,P140,2.0,,-1.1005456120418944,-0.7121635268359099
omega3,Within person,P140,3.0,,-1.5989902250734804,-0.16601415322092933
omega3,Within person,P140,4.0,,0.2345953731033356,0.4492045052614476
omega3,Within person,P140,5.0,,-0.9027110328809117,0.3908693691056121
omega3,Within person,P140,6.0,,0.7036042690764115,0.7197033012450977
omega3,Within person,P140,7.0,,0.8572463677905919,0.6274516249486835
omega3,Within person,P140,8.0,,0.2667608375271218,-0.026107050013612132
omega3,Within person,P141,1.0,,-0.8003013181390015,-1.1213831649092187
omega3,Within person,P141,2.0,,0.7882860748039164,-0.11566519195280525
omega3,Within person,P141,3.0,,0.6349743884854928,0.4180984538298154
omega3,Within person,P141,4.0,,-0.9985729595675623,0.23493037456200344
omega3,Within person,P141,5.0,,1.9417283636196838,0.22109787733247727
omega3,Within person,P141,6.0,,0.17143886281915957,0.3563024471952843
omega3,Within person,P141,7.0,,-0.0860937177085126,0.273007618980483
omega3,Within person,P141,8.0,,-1.6514596943131763,-0.2663884150380394
omega3,Within person,P142,1.0,,-0.3895360419245668,-0.576171492685813
omega3,Within person,P142,2.0,,0.23401767657818345,-1.5870325858201457
omega3,Within person,P142,3.0,,-0.7318441624826897,0.774281661067416
omega3,Within person,P142,4.0,,0.3413029014617282,0.28981619303297573
omega3,Within person,P142,5.0,,0.04240897907747643,0.1451950367244743
omega3,Within person,P142,6.0,,0.9393370608441505,0.4521330295224561
omega3,Within person,P142,7.0,,0.28020489692713274,0.3493434963652061
omega3,Within person,P142,8.0,,-0.7158913104814146,0.15243466179343046
omega3,Within person,P143,1.0,,1.2197131480887156,-0.09770412467071549
omega3,Within person,P143,2.0,,-0.1511119346195824,-0.23879656869105526
omega3,Within person,P143,3.0,,-0.430910394273162,-0.38037801805950994
omega3,Within person,P143,4.0,,0.5507263369779074,-0.43610472848085957
omega3,Within person,P143,5.0,,0.6859737979521054,0.31817476359395
omega3,Within person,P143,6.0,,-0.30620114119869546,0.18046154618248378
omega3,Within person,P143,7.0,,-1.2667937996105383,0.25040864640523586
omega3,Within person,P143,8.0,,-0.3013960133167505,0.4039384837204706
omega3,Within person,P144,1.0,,-0.3322129630072569,0.19474775800063582
omega3,Within person,P144,2.0,,1.8975615095682339,1.1340649672543712
omega3,Within person,P144,3.0,,-0.22135517469560706,0.7389884381711593
omega3,Within person,P144,4.0,,-0.7271347393115751,0.2593061599383545
omega3,Within person,P144,5.0,,-0.07008313595730407,0.03164429170323757
omega3,Within person,P144,6.0,,-1.6477149355550287,-2.6939631695459583
omega3,Within person,P144,7.0,,0.5424149798280286,0.06341017177116026
omega3,Within person,P144,8.0,,0.5585244591305093,0.2718013827070389
omega3,Within person,P145,1.0,,-1.8895960442585833,-1.4087466856748705
omega3,Within person,P145,2.0,,0.12936105377939733,-0.21192222712797107
omega3,Within person,P145,3.0,,0.17290726072418083,0.5020839970648939
omega3,Within person,P145,4.0,,0.7143756250057378,0.1506001666511367
omega3,Within person,P145,5.0,,0.04791042001080903,0.38416484636513665
omega3,Within person,P145,6.0,,0.9311942426610271,-0.22447805715050925
omega3,Within person,P145,7.0,,0.8456209907477132,0.654899457724142
omega3,Within person,P145,8.0,,-0.9517735486702821,0.15339850214804135
omega3,Within person,P146,1.0,,1.3357145998168924,0.5998562531805792
omega3,Within person,P146,2.0,,-0.12224866399669443,0.4155126486720758
omega3,Within person,P146,3.0,,0.7432735514490096,-1.2699947760772843
omega3,Within person,P146,4.0,,-0.3828890528492316,0.5127757134410803
omega3,Within person,P146,5.0,,-1.0349785536555391,0.0440007327083438
omega3,Within person,P146,6.0,,-0.538871880764437,-0.3021505719247951
omega3,Within person,P147,1.0,,0.0,0.0
omega3,Within person,P148,1.0,,1.1318267566464923,-2.428589144508602
omega3,Within person,P148,2.0,,-0.44905303833316845,0.5635450846935368
omega3,Within person,P148,3.0,,-0.35357459384253376,0.14767613661454015
omega3,Within person,P148,4.0,,-0.08284193490913705,0.391611956300546
omega3,Within person,P148,5.0,,0.05812199088855241,0.8162151579858423
omega3,Within person,P148,6.0,,-0.3687982396266055,-0.10123035256989416
omega3,Within person,P148,7.0,,0.5629089833714548,0.2743541511508941
omega3,Within person,P148,8.0,,-0.49858992419505477,0.3364170103331372
omega3,Within person,P149,1.0,,-0.10022203349490688,-0.3388018605663672
omega3,Within person,P149,2.0,,0.24704393375834477,-0.94973183939367
omega3,Within person,P149,3.0,,0.29139517513766644,-0.044361000252239546
omega3,Within person,P149,4.0,,0.4286946240171243,0.3450056711190239
omega3,Within person,P149,5.0,,0.3407943942390066,0.23894110643374136
omega3,Within person,P149,6.0,,-0.9637162520270226,0.09002758022161839
omega3,Within person,P149,7.0,,0.4559391460877571,0.3772550459714925
omega3,Within person,P149,8.0,,-0.6999289877179705,0.28166529646640065
omega3,Within person,P150,1.0,,-0.22536396018680238,-0.9448811255730494
omega3,Within person,P150,2.0,,-0.3399819396356753,0.4344738916570671
omega3,Within person,P150,3.0,,0.2823284321587348,0.20509711521774662
omega3,Within person,P150,4.0,,-0.438587373581168,0.38497642136787874
omega3,Within person,P150,5.0,,0.39879229047440123,0.10398374413857342
omega3,Within person,P150,6.0,,-0.7968827251149978,0.46170434714564057
omega3,Within person,P150,7.0,,0.7449630608442285,-1.3064262109879083
omega3,Within person,P150,8.0,,0.37473221504127885,0.661071817034051
